"ID","Time","milper","irst"
"Argentina",1955-11-05 02:00:00,146.82,217.47
"Argentina",1956-11-05 02:00:00,149.05,203.02
"Argentina",1957-11-05 02:00:00,146.99,220.57
"Argentina",1958-11-05 02:00:00,144.72,245.02
"Argentina",1959-11-05 02:00:00,145.85,214.48
"Argentina",1960-11-05 02:00:00,128.95,276.74
"Argentina",1961-11-05 02:00:00,125.27,441.81
"Argentina",1962-11-05 02:00:00,131.41,644.59
"Argentina",1963-11-05 02:00:00,154.8,912.57
"Argentina",1964-11-05 02:00:00,155.93,1266.09
"Argentina",1965-11-05 02:00:00,154.29,1370.65
"Argentina",1966-11-05 02:00:00,158.7,1286.44
"Argentina",1967-11-05 02:00:00,160.88,1346.83
"Argentina",1968-11-05 02:00:00,161.2,1579.08
"Argentina",1969-11-05 02:00:00,158.83,1719.86
"Argentina",1970-11-05 02:00:00,140.76,1856.33
"Argentina",1971-11-05 02:00:00,140.87,1742.77
"Argentina",1972-11-05 02:00:00,139.27,1929.93
"Argentina",1973-11-05 02:00:00,160.63,1994.71
"Argentina",1974-11-05 02:00:00,148.91,2195.41
"Argentina",1975-11-05 02:00:00,159.48,2043.54
"Argentina",1976-11-05 02:00:00,155.02,2244.12
"Argentina",1977-11-05 02:00:00,155.66,2670.72
"Argentina",1978-11-05 02:00:00,154.27,2650.5
"Argentina",1979-11-05 02:00:00,155.85,3091.14
"Argentina",1980-11-05 02:00:00,154.6,2554.39
"Argentina",1981-11-05 02:00:00,155.41,2389.72
"Argentina",1982-11-05 02:00:00,173.96,2751.61
"Argentina",1983-11-05 02:00:00,173.74,2828.98
"Argentina",1984-11-05 02:00:00,175.16,2506.6
"Argentina",1985-11-05 02:00:00,130.04,2775.8
"Argentina",1986-11-05 02:00:00,103.9,3115.25
"Argentina",1987-11-05 02:00:00,116.9,3461.21
"Argentina",1988-11-05 02:00:00,95.56,3527.64
"Argentina",1989-11-05 02:00:00,94.75,3908.24
"Argentina",1990-11-05 02:00:00,87.21,3636.69
"Argentina",1991-11-05 02:00:00,69.26,2992.04
"Argentina",1992-11-05 02:00:00,65.45,2699.88
"Argentina",1993-11-05 02:00:00,65.11,2884.76
"Argentina",1994-11-05 02:00:00,67.98,3286.95
"Argentina",1995-11-05 02:00:00,65.92,3581.12
"Argentina",1996-11-05 02:00:00,63.89,4075.39
"Argentina",1997-11-05 02:00:00,64.46,4168.87
"Argentina",1998-11-05 02:00:00,73.56,4215.65
"Argentina",1999-11-05 02:00:00,71.6,3800.3
"Argentina",2000-11-05 02:00:00,70.86,4473.12
"Argentina",2001-11-05 02:00:00,69.86,4106.43
"Argentina",2002-11-05 02:00:00,68.23,4356.47
"Argentina",2003-11-05 02:00:00,71.64,5042.41
"Argentina",2004-11-05 02:00:00,72.12,5134.22
"Argentina",2005-11-05 02:00:00,71.45,5379.32
"Argentina",2006-11-05 02:00:00,69.09,5532.24
"Argentina",2007-11-05 02:00:00,71.99,5385.3
"Argentina",2008-11-05 02:00:00,76.51,5541.8
"Argentina",2009-11-05 02:00:00,76.45,4014.37
"Argentina",2010-11-05 02:00:00,71.34,5138.75
"Argentina",2011-11-05 02:00:00,74.67,5610.28
"Argentina",2012-11-05 02:00:00,70.39,4995.6
"Australia",1955-11-05 02:00:00,53.05,2276.62
"Australia",1956-11-05 02:00:00,52.87,2389.42
"Australia",1957-11-05 02:00:00,45.99,2848.5
"Australia",1958-11-05 02:00:00,47.62,3121.34
"Australia",1959-11-05 02:00:00,48.11,3293.17
"Australia",1960-11-05 02:00:00,46.51,3620.48
"Australia",1961-11-05 02:00:00,46.01,3856.46
"Australia",1962-11-05 02:00:00,49.36,4188.98
"Australia",1963-11-05 02:00:00,47.1,4334.02
"Australia",1964-11-05 02:00:00,53.71,4839.74
"Australia",1965-11-05 02:00:00,52,5213.15
"Australia",1966-11-05 02:00:00,59.57,5649.39
"Australia",1967-11-05 02:00:00,73.31,6209.92
"Australia",1968-11-05 02:00:00,81.07,6385.93
"Australia",1969-11-05 02:00:00,81.52,6532.17
"Australia",1970-11-05 02:00:00,85.31,6873.92
"Australia",1971-11-05 02:00:00,84.73,6799.87
"Australia",1972-11-05 02:00:00,86.11,6628.1
"Australia",1973-11-05 02:00:00,70.85,7208.77
"Australia",1974-11-05 02:00:00,67.57,7504.79
"Australia",1975-11-05 02:00:00,69.27,7856.82
"Australia",1976-11-05 02:00:00,68.84,7936.14
"Australia",1977-11-05 02:00:00,68.43,7474.51
"Australia",1978-11-05 02:00:00,69.96,7532.19
"Australia",1979-11-05 02:00:00,70.42,7542.31
"Australia",1980-11-05 02:00:00,71.81,7895.23
"Australia",1981-11-05 02:00:00,72.9,7953.83
"Australia",1982-11-05 02:00:00,71.22,7258.82
"Australia",1983-11-05 02:00:00,73,5392.21
"Australia",1984-11-05 02:00:00,70.84,4639.99
"Australia",1985-11-05 02:00:00,69.24,6301.05
"Australia",1986-11-05 02:00:00,71.93,6825.59
"Australia",1987-11-05 02:00:00,70.66,6187.19
"Australia",1988-11-05 02:00:00,72.2,6093.04
"Australia",1989-11-05 02:00:00,68.89,6650.32
"Australia",1990-11-05 02:00:00,68.14,6676.17
"Australia",1991-11-05 02:00:00,67,6140.31
"Australia",1992-11-05 02:00:00,67.18,6800.95
"Australia",1993-11-05 02:00:00,68.17,7853.48
"Australia",1994-11-05 02:00:00,64.38,8424.28
"Australia",1995-11-05 02:00:00,64.22,8459.61
"Australia",1996-11-05 02:00:00,64.93,8413.55
"Australia",1997-11-05 02:00:00,64.49,8829.87
"Australia",1998-11-05 02:00:00,64.5,8939.25
"Australia",1999-11-05 02:00:00,54.69,8169.87
"Australia",2000-11-05 02:00:00,51.15,7129.63
"Australia",2001-11-05 02:00:00,50.95,7032.01
"Australia",2002-11-05 02:00:00,49.59,7527.1
"Australia",2003-11-05 02:00:00,52.81,7543.98
"Australia",2004-11-05 02:00:00,53.59,7413.08
"Australia",2005-11-05 02:00:00,53.15,7756.77
"Australia",2006-11-05 02:00:00,53.74,7880.13
"Australia",2007-11-05 02:00:00,52.08,7938.76
"Australia",2008-11-05 02:00:00,51.32,7622.39
"Australia",2009-11-05 02:00:00,53.45,5249.25
"Australia",2010-11-05 02:00:00,55.2,7296.1
"Australia",2011-11-05 02:00:00,57.25,6405.59
"Australia",2012-11-05 02:00:00,57.11,4891.9
"Austria",1955-11-05 02:00:00,16.71,1822.24
"Austria",1956-11-05 02:00:00,19.82,2077.74
"Austria",1957-11-05 02:00:00,23.82,2508.77
"Austria",1958-11-05 02:00:00,28.17,2393.78
"Austria",1959-11-05 02:00:00,32.15,2513.15
"Austria",1960-11-05 02:00:00,36.33,3162.68
"Austria",1961-11-05 02:00:00,37.28,3100.05
"Austria",1962-11-05 02:00:00,38.64,2971.65
"Austria",1963-11-05 02:00:00,74.24,2947.68
"Austria",1964-11-05 02:00:00,53.18,3194.13
"Austria",1965-11-05 02:00:00,55.79,3220.48
"Austria",1966-11-05 02:00:00,54.88,3194.47
"Austria",1967-11-05 02:00:00,61.19,3022.73
"Austria",1968-11-05 02:00:00,55.82,3467.6
"Austria",1969-11-05 02:00:00,55.95,3925.83
"Austria",1970-11-05 02:00:00,54.35,4079.5
"Austria",1971-11-05 02:00:00,59.93,3960.87
"Austria",1972-11-05 02:00:00,61.05,4069.64
"Austria",1973-11-05 02:00:00,58.87,4237.42
"Austria",1974-11-05 02:00:00,60.04,4699.2
"Austria",1975-11-05 02:00:00,49.45,4065.31
"Austria",1976-11-05 02:00:00,39.19,4376.09
"Austria",1977-11-05 02:00:00,36.66,4091.63
"Austria",1978-11-05 02:00:00,40.46,4336.06
"Austria",1979-11-05 02:00:00,37.73,4918.77
"Austria",1980-11-05 02:00:00,39.18,4625.34
"Austria",1981-11-05 02:00:00,40.36,4656.84
"Austria",1982-11-05 02:00:00,39.96,4257.96
"Austria",1983-11-05 02:00:00,50.73,4410.74
"Austria",1984-11-05 02:00:00,40.21,4869.34
"Austria",1985-11-05 02:00:00,39.63,4659.57
"Austria",1986-11-05 02:00:00,39.92,4292.8
"Austria",1987-11-05 02:00:00,69.17,4302.07
"Austria",1988-11-05 02:00:00,55.3,4559.03
"Austria",1989-11-05 02:00:00,49.88,5003.28
"Austria",1990-11-05 02:00:00,42.63,4547.27
"Austria",1991-11-05 02:00:00,42.71,4404.25
"Austria",1992-11-05 02:00:00,52.18,3936.38
"Austria",1993-11-05 02:00:00,52.6,4152.2
"Austria",1994-11-05 02:00:00,46.86,4399.2
"Austria",1995-11-05 02:00:00,45.43,4989.7
"Austria",1996-11-05 02:00:00,46.2,4441.4
"Austria",1997-11-05 02:00:00,47.99,5179.84
"Austria",1998-11-05 02:00:00,60.81,5282.47
"Austria",1999-11-05 02:00:00,49.71,5203.07
"Austria",2000-11-05 02:00:00,40.17,5705.96
"Austria",2001-11-05 02:00:00,33.78,5868.51
"Austria",2002-11-05 02:00:00,32.86,6187.87
"Austria",2003-11-05 02:00:00,35.43,6261.93
"Austria",2004-11-05 02:00:00,35.52,6530.51
"Austria",2005-11-05 02:00:00,38.57,7030.83
"Austria",2006-11-05 02:00:00,41.42,7130.58
"Austria",2007-11-05 02:00:00,39.58,7578.08
"Austria",2008-11-05 02:00:00,39.63,7594.43
"Austria",2009-11-05 02:00:00,33.54,5663.5
"Austria",2010-11-05 02:00:00,27.01,7205.77
"Austria",2011-11-05 02:00:00,24.74,7474.66
"Austria",2012-11-05 02:00:00,28.62,7422.92
"Belgium",1955-11-05 02:00:00,93.62,5850.12
"Belgium",1956-11-05 02:00:00,98.29,6310.76
"Belgium",1957-11-05 02:00:00,100.66,6233.26
"Belgium",1958-11-05 02:00:00,106.31,5979.18
"Belgium",1959-11-05 02:00:00,107.82,6408.51
"Belgium",1960-11-05 02:00:00,109.88,7142.21
"Belgium",1961-11-05 02:00:00,111.08,6961.14
"Belgium",1962-11-05 02:00:00,109.35,7296.1
"Belgium",1963-11-05 02:00:00,113.64,7278.33
"Belgium",1964-11-05 02:00:00,114.72,8796.07
"Belgium",1965-11-05 02:00:00,115.92,9229.05
"Belgium",1966-11-05 02:00:00,113.12,8919.15
"Belgium",1967-11-05 02:00:00,115.08,9713.84
"Belgium",1968-11-05 02:00:00,115.04,11572.05
"Belgium",1969-11-05 02:00:00,115.37,12838.47
"Belgium",1970-11-05 02:00:00,109.72,12609.03
"Belgium",1971-11-05 02:00:00,108.81,12442.23
"Belgium",1972-11-05 02:00:00,105,14532.88
"Belgium",1973-11-05 02:00:00,106.71,15524.23
"Belgium",1974-11-05 02:00:00,104.45,16224.49
"Belgium",1975-11-05 02:00:00,103.54,11584.85
"Belgium",1976-11-05 02:00:00,102.39,12144.36
"Belgium",1977-11-05 02:00:00,107.83,11257.48
"Belgium",1978-11-05 02:00:00,107.97,12624.26
"Belgium",1979-11-05 02:00:00,108.01,13462.99
"Belgium",1980-11-05 02:00:00,108.33,12343.69
"Belgium",1981-11-05 02:00:00,109.83,12299.31
"Belgium",1982-11-05 02:00:00,109.16,10181.87
"Belgium",1983-11-05 02:00:00,108.13,10265.16
"Belgium",1984-11-05 02:00:00,106.66,11414.2
"Belgium",1985-11-05 02:00:00,106.3,10780.07
"Belgium",1986-11-05 02:00:00,107.04,9803.79
"Belgium",1987-11-05 02:00:00,107.35,9842.04
"Belgium",1988-11-05 02:00:00,111.55,11239.91
"Belgium",1989-11-05 02:00:00,110.63,10955.07
"Belgium",1990-11-05 02:00:00,105.71,11424.72
"Belgium",1991-11-05 02:00:00,100.38,11339.46
"Belgium",1992-11-05 02:00:00,77.95,10332.84
"Belgium",1993-11-05 02:00:00,71.46,10176.87
"Belgium",1994-11-05 02:00:00,52.47,11330.69
"Belgium",1995-11-05 02:00:00,46.4,11604.03
"Belgium",1996-11-05 02:00:00,45.95,10816.97
"Belgium",1997-11-05 02:00:00,45.67,10738.33
"Belgium",1998-11-05 02:00:00,42.83,11422.98
"Belgium",1999-11-05 02:00:00,41.94,10928.3
"Belgium",2000-11-05 02:00:00,38.7,11635.42
"Belgium",2001-11-05 02:00:00,39.07,10762.71
"Belgium",2002-11-05 02:00:00,38.21,11343.23
"Belgium",2003-11-05 02:00:00,40.96,11112.53
"Belgium",2004-11-05 02:00:00,38.99,11699.17
"Belgium",2005-11-05 02:00:00,38.34,10420.56
"Belgium",2006-11-05 02:00:00,37.21,11632.01
"Belgium",2007-11-05 02:00:00,40.31,10692.37
"Belgium",2008-11-05 02:00:00,41.26,10671.82
"Belgium",2009-11-05 02:00:00,38.46,5634.07
"Belgium",2010-11-05 02:00:00,39.23,7971.64
"Belgium",2011-11-05 02:00:00,38.55,8026.91
"Belgium",2012-11-05 02:00:00,32.37,7301.49
"Brazil",1955-11-05 02:00:00,107.58,1162.03
"Brazil",1956-11-05 02:00:00,108.91,1375.82
"Brazil",1957-11-05 02:00:00,113.25,1298
"Brazil",1958-11-05 02:00:00,227.4,1361.24
"Brazil",1959-11-05 02:00:00,235.96,1608.44
"Brazil",1960-11-05 02:00:00,241.37,2261.74
"Brazil",1961-11-05 02:00:00,180.92,2442.22
"Brazil",1962-11-05 02:00:00,184.79,2394.82
"Brazil",1963-11-05 02:00:00,305.09,2736.69
"Brazil",1964-11-05 02:00:00,315.17,2937.61
"Brazil",1965-11-05 02:00:00,320.8,2983.56
"Brazil",1966-11-05 02:00:00,326.65,3781.75
"Brazil",1967-11-05 02:00:00,328.28,3734.64
"Brazil",1968-11-05 02:00:00,339.68,4453.59
"Brazil",1969-11-05 02:00:00,359.1,4924.72
"Brazil",1970-11-05 02:00:00,374.3,5391.35
"Brazil",1971-11-05 02:00:00,373.22,6013.38
"Brazil",1972-11-05 02:00:00,409.28,6518.14
"Brazil",1973-11-05 02:00:00,420.05,7148.17
"Brazil",1974-11-05 02:00:00,435.24,7506.88
"Brazil",1975-11-05 02:00:00,455.63,8308.48
"Brazil",1976-11-05 02:00:00,449.98,9168.82
"Brazil",1977-11-05 02:00:00,452.31,11162.93
"Brazil",1978-11-05 02:00:00,450.18,12106.93
"Brazil",1979-11-05 02:00:00,448.98,13892.29
"Brazil",1980-11-05 02:00:00,452.27,15336.85
"Brazil",1981-11-05 02:00:00,448.11,13225.45
"Brazil",1982-11-05 02:00:00,461.09,12994.36
"Brazil",1983-11-05 02:00:00,461.85,14670.75
"Brazil",1984-11-05 02:00:00,459.52,18385.99
"Brazil",1985-11-05 02:00:00,494.47,20455.63
"Brazil",1986-11-05 02:00:00,525.06,21234.16
"Brazil",1987-11-05 02:00:00,541.49,22227.67
"Brazil",1988-11-05 02:00:00,320.25,24656.33
"Brazil",1989-11-05 02:00:00,318.78,25004.19
"Brazil",1990-11-05 02:00:00,294.22,20566.7
"Brazil",1991-11-05 02:00:00,295.35,22616.75
"Brazil",1992-11-05 02:00:00,296.68,23897.97
"Brazil",1993-11-05 02:00:00,295.47,25155.03
"Brazil",1994-11-05 02:00:00,295.32,25746.24
"Brazil",1995-11-05 02:00:00,294.27,25075.38
"Brazil",1996-11-05 02:00:00,295.01,25236.37
"Brazil",1997-11-05 02:00:00,295.41,26152.15
"Brazil",1998-11-05 02:00:00,296.38,25760.86
"Brazil",1999-11-05 02:00:00,300.75,24995.32
"Brazil",2000-11-05 02:00:00,287.07,27864.99
"Brazil",2001-11-05 02:00:00,287.66,26715.6
"Brazil",2002-11-05 02:00:00,289.55,29605.39
"Brazil",2003-11-05 02:00:00,288.27,31147.52
"Brazil",2004-11-05 02:00:00,295.3,32909.46
"Brazil",2005-11-05 02:00:00,302.68,31610.55
"Brazil",2006-11-05 02:00:00,288.44,30898.36
"Brazil",2007-11-05 02:00:00,289.01,33780.96
"Brazil",2008-11-05 02:00:00,366.28,33715.86
"Brazil",2009-11-05 02:00:00,326.3,26505.5
"Brazil",2010-11-05 02:00:00,327.18,32947.2
"Brazil",2011-11-05 02:00:00,316.8,35221.22
"Brazil",2012-11-05 02:00:00,316.72,34523.11
"Bulgaria",1955-11-05 02:00:00,212.74,72.75
"Bulgaria",1956-11-05 02:00:00,189.75,131.41
"Bulgaria",1957-11-05 02:00:00,192.4,158.7
"Bulgaria",1958-11-05 02:00:00,166.84,210.35
"Bulgaria",1959-11-05 02:00:00,144.69,229.06
"Bulgaria",1960-11-05 02:00:00,117.63,254.06
"Bulgaria",1961-11-05 02:00:00,132.79,339.24
"Bulgaria",1962-11-05 02:00:00,134.07,423.96
"Bulgaria",1963-11-05 02:00:00,183,462.63
"Bulgaria",1964-11-05 02:00:00,176.77,475.47
"Bulgaria",1965-11-05 02:00:00,177.86,587.27
"Bulgaria",1966-11-05 02:00:00,175.79,698.94
"Bulgaria",1967-11-05 02:00:00,175.08,1239.72
"Bulgaria",1968-11-05 02:00:00,175.36,1461.8
"Bulgaria",1969-11-05 02:00:00,176.67,1514.53
"Bulgaria",1970-11-05 02:00:00,176.45,1800.29
"Bulgaria",1971-11-05 02:00:00,188.97,1946.54
"Bulgaria",1972-11-05 02:00:00,187.37,2120.8
"Bulgaria",1973-11-05 02:00:00,176.44,2247.36
"Bulgaria",1974-11-05 02:00:00,174.75,2188.1
"Bulgaria",1975-11-05 02:00:00,174.15,2266.47
"Bulgaria",1976-11-05 02:00:00,176.08,2458.92
"Bulgaria",1977-11-05 02:00:00,185.56,2588.19
"Bulgaria",1978-11-05 02:00:00,187.23,2470.9
"Bulgaria",1979-11-05 02:00:00,185.55,2481.04
"Bulgaria",1980-11-05 02:00:00,187.41,2563.9
"Bulgaria",1981-11-05 02:00:00,187.25,2486.5
"Bulgaria",1982-11-05 02:00:00,188.19,2485.38
"Bulgaria",1983-11-05 02:00:00,188.42,2830.81
"Bulgaria",1984-11-05 02:00:00,188.91,2876.13
"Bulgaria",1985-11-05 02:00:00,189.31,2944.07
"Bulgaria",1986-11-05 02:00:00,190.24,2964.27
"Bulgaria",1987-11-05 02:00:00,190.54,3046.66
"Bulgaria",1988-11-05 02:00:00,161.33,2876.36
"Bulgaria",1989-11-05 02:00:00,149.42,2900.59
"Bulgaria",1990-11-05 02:00:00,128.18,2189.01
"Bulgaria",1991-11-05 02:00:00,108.09,1615.18
"Bulgaria",1992-11-05 02:00:00,100.42,1550.17
"Bulgaria",1993-11-05 02:00:00,52.89,1941.64
"Bulgaria",1994-11-05 02:00:00,80.4,2490.71
"Bulgaria",1995-11-05 02:00:00,87.93,696.42
"Bulgaria",1996-11-05 02:00:00,81.14,2456.47
"Bulgaria",1997-11-05 02:00:00,79.5,2628.64
"Bulgaria",1998-11-05 02:00:00,75.57,2242.63
"Bulgaria",1999-11-05 02:00:00,71.25,1889.12
"Bulgaria",2000-11-05 02:00:00,78.48,2002.77
"Bulgaria",2001-11-05 02:00:00,77.26,1971.46
"Bulgaria",2002-11-05 02:00:00,69.22,1860.36
"Bulgaria",2003-11-05 02:00:00,50.37,2316.78
"Bulgaria",2004-11-05 02:00:00,51.65,2103.99
"Bulgaria",2005-11-05 02:00:00,51.28,1950.45
"Bulgaria",2006-11-05 02:00:00,50.64,2101.16
"Bulgaria",2007-11-05 02:00:00,50.61,1907.61
"Bulgaria",2008-11-05 02:00:00,38.96,1330.04
"Bulgaria",2009-11-05 02:00:00,42.26,725.8
"Bulgaria",2010-11-05 02:00:00,36.91,735.76
"Bulgaria",2011-11-05 02:00:00,30.36,835.11
"Bulgaria",2012-11-05 02:00:00,32.95,632.53
"Canada",1955-11-05 02:00:00,112.8,4113.68
"Canada",1956-11-05 02:00:00,116.49,4808.76
"Canada",1957-11-05 02:00:00,121.68,4596.57
"Canada",1958-11-05 02:00:00,119.14,3957.3
"Canada",1959-11-05 02:00:00,121.69,5353.24
"Canada",1960-11-05 02:00:00,121.04,5269.94
"Canada",1961-11-05 02:00:00,124.03,5887.64
"Canada",1962-11-05 02:00:00,126.54,6504.65
"Canada",1963-11-05 02:00:00,121.6,7435.46
"Canada",1964-11-05 02:00:00,120.13,8281.87
"Canada",1965-11-05 02:00:00,119.75,9131.72
"Canada",1966-11-05 02:00:00,107.99,9092.94
"Canada",1967-11-05 02:00:00,106.47,8796.85
"Canada",1968-11-05 02:00:00,104.67,10160.5
"Canada",1969-11-05 02:00:00,99.21,9351.26
"Canada",1970-11-05 02:00:00,95,11197.92
"Canada",1971-11-05 02:00:00,84.39,11040.39
"Canada",1972-11-05 02:00:00,91.54,11857.61
"Canada",1973-11-05 02:00:00,80.87,13385.87
"Canada",1974-11-05 02:00:00,80.73,13623.86
"Canada",1975-11-05 02:00:00,77.29,13025.95
"Canada",1976-11-05 02:00:00,79.24,13290.75
"Canada",1977-11-05 02:00:00,78.15,13581.03
"Canada",1978-11-05 02:00:00,79.48,14897.17
"Canada",1979-11-05 02:00:00,79.79,16079.33
"Canada",1980-11-05 02:00:00,80.99,15900.68
"Canada",1981-11-05 02:00:00,79.34,14812.63
"Canada",1982-11-05 02:00:00,80.8,11870.34
"Canada",1983-11-05 02:00:00,81.56,12832.17
"Canada",1984-11-05 02:00:00,81.84,14697.42
"Canada",1985-11-05 02:00:00,81.64,13457.99
"Canada",1986-11-05 02:00:00,83.5,14081.15
"Canada",1987-11-05 02:00:00,85.9,14736.73
"Canada",1988-11-05 02:00:00,88.97,15191.89
"Canada",1989-11-05 02:00:00,87.7,15457.7
"Canada",1990-11-05 02:00:00,84.58,12282.22
"Canada",1991-11-05 02:00:00,84.77,12986.73
"Canada",1992-11-05 02:00:00,81.38,13923.87
"Canada",1993-11-05 02:00:00,75.02,14388.37
"Canada",1994-11-05 02:00:00,72.61,13897.14
"Canada",1995-11-05 02:00:00,72.23,14414.32
"Canada",1996-11-05 02:00:00,66.89,14735.89
"Canada",1997-11-05 02:00:00,61.22,15552.58
"Canada",1998-11-05 02:00:00,59.16,15929.95
"Canada",1999-11-05 02:00:00,58.64,16234.02
"Canada",2000-11-05 02:00:00,59.15,16594.38
"Canada",2001-11-05 02:00:00,54.22,15274.62
"Canada",2002-11-05 02:00:00,52.76,16000.88
"Canada",2003-11-05 02:00:00,51.18,15931.16
"Canada",2004-11-05 02:00:00,58.05,16303.68
"Canada",2005-11-05 02:00:00,61.61,15327.22
"Canada",2006-11-05 02:00:00,62.01,15492.02
"Canada",2007-11-05 02:00:00,63.98,15571.14
"Canada",2008-11-05 02:00:00,64.88,14846.95
"Canada",2009-11-05 02:00:00,61.87,9284.4
"Canada",2010-11-05 02:00:00,65.38,13013.49
"Canada",2011-11-05 02:00:00,67.26,12965.94
"Canada",2012-11-05 02:00:00,65.77,13506.44
"Chile",1955-11-05 02:00:00,41.88,289.96
"Chile",1956-11-05 02:00:00,44.17,380.65
"Chile",1957-11-05 02:00:00,40.69,385.95
"Chile",1958-11-05 02:00:00,40.37,346.96
"Chile",1959-11-05 02:00:00,42.27,415.59
"Chile",1960-11-05 02:00:00,38.74,422.81
"Chile",1961-11-05 02:00:00,61.71,360.4
"Chile",1962-11-05 02:00:00,63.19,493.34
"Chile",1963-11-05 02:00:00,75.75,489.25
"Chile",1964-11-05 02:00:00,71.78,544.64
"Chile",1965-11-05 02:00:00,71.51,440.29
"Chile",1966-11-05 02:00:00,64.05,539.64
"Chile",1967-11-05 02:00:00,70.1,595.26
"Chile",1968-11-05 02:00:00,69.39,525
"Chile",1969-11-05 02:00:00,69.9,602.02
"Chile",1970-11-05 02:00:00,69.88,548.22
"Chile",1971-11-05 02:00:00,68.96,612.2
"Chile",1972-11-05 02:00:00,74.93,582.1
"Chile",1973-11-05 02:00:00,76.76,508.19
"Chile",1974-11-05 02:00:00,88.57,594.46
"Chile",1975-11-05 02:00:00,112.66,457.8
"Chile",1976-11-05 02:00:00,109.71,448.73
"Chile",1977-11-05 02:00:00,111.02,510.51
"Chile",1978-11-05 02:00:00,110.96,573.88
"Chile",1979-11-05 02:00:00,113.19,656.78
"Chile",1980-11-05 02:00:00,114.02,704.61
"Chile",1981-11-05 02:00:00,116.46,644.84
"Chile",1982-11-05 02:00:00,115.74,491.85
"Chile",1983-11-05 02:00:00,124.86,616.14
"Chile",1984-11-05 02:00:00,123.21,693.09
"Chile",1985-11-05 02:00:00,124.1,690.58
"Chile",1986-11-05 02:00:00,126.65,706.34
"Chile",1987-11-05 02:00:00,125.05,725.68
"Chile",1988-11-05 02:00:00,95.78,898.1
"Chile",1989-11-05 02:00:00,93.55,799.51
"Chile",1990-11-05 02:00:00,95.35,771.95
"Chile",1991-11-05 02:00:00,90.19,804.52
"Chile",1992-11-05 02:00:00,90.87,1011.65
"Chile",1993-11-05 02:00:00,92.05,1065
"Chile",1994-11-05 02:00:00,101.32,1039.19
"Chile",1995-11-05 02:00:00,102.65,1012.88
"Chile",1996-11-05 02:00:00,102.61,1178.2
"Chile",1997-11-05 02:00:00,101.49,1167.17
"Chile",1998-11-05 02:00:00,100.75,1171.39
"Chile",1999-11-05 02:00:00,88.19,1289.63
"Chile",2000-11-05 02:00:00,85.07,1351.14
"Chile",2001-11-05 02:00:00,89.24,1247.25
"Chile",2002-11-05 02:00:00,80.33,1279.31
"Chile",2003-11-05 02:00:00,76.15,1374.87
"Chile",2004-11-05 02:00:00,76.1,1578.39
"Chile",2005-11-05 02:00:00,78.85,1535.59
"Chile",2006-11-05 02:00:00,79.24,1627.22
"Chile",2007-11-05 02:00:00,76.24,1680.05
"Chile",2008-11-05 02:00:00,64.24,1522.92
"Chile",2009-11-05 02:00:00,61.77,1308.21
"Chile",2010-11-05 02:00:00,61.66,1010.12
"Chile",2011-11-05 02:00:00,57.41,1615.18
"Chile",2012-11-05 02:00:00,56.81,1669.96
"Colombia",1955-11-05 02:00:00,12.38,77.74
"Colombia",1956-11-05 02:00:00,17.3,89.49
"Colombia",1957-11-05 02:00:00,13.9,112.36
"Colombia",1958-11-05 02:00:00,17.87,121.92
"Colombia",1959-11-05 02:00:00,14.2,107.73
"Colombia",1960-11-05 02:00:00,18.72,157.74
"Colombia",1961-11-05 02:00:00,55.94,180.22
"Colombia",1962-11-05 02:00:00,54.77,194.51
"Colombia",1963-11-05 02:00:00,51.76,198.51
"Colombia",1964-11-05 02:00:00,55.12,199.68
"Colombia",1965-11-05 02:00:00,49.15,203.76
"Colombia",1966-11-05 02:00:00,50.91,175.62
"Colombia",1967-11-05 02:00:00,51.2,205.88
"Colombia",1968-11-05 02:00:00,49.63,199.23
"Colombia",1969-11-05 02:00:00,49.88,206.32
"Colombia",1970-11-05 02:00:00,46.8,239.37
"Colombia",1971-11-05 02:00:00,51.7,248.88
"Colombia",1972-11-05 02:00:00,47.71,273.23
"Colombia",1973-11-05 02:00:00,50.06,262.67
"Colombia",1974-11-05 02:00:00,52.17,241.74
"Colombia",1975-11-05 02:00:00,51.1,266.29
"Colombia",1976-11-05 02:00:00,60.32,252.97
"Colombia",1977-11-05 02:00:00,59.93,209.87
"Colombia",1978-11-05 02:00:00,60.83,266.38
"Colombia",1979-11-05 02:00:00,60.2,233.19
"Colombia",1980-11-05 02:00:00,61.3,419.49
"Colombia",1981-11-05 02:00:00,65.94,418.2
"Colombia",1982-11-05 02:00:00,69.85,422.04
"Colombia",1983-11-05 02:00:00,70.11,484.64
"Colombia",1984-11-05 02:00:00,69.19,505.38
"Colombia",1985-11-05 02:00:00,65.26,524.07
"Colombia",1986-11-05 02:00:00,77.1,632.63
"Colombia",1987-11-05 02:00:00,88.44,691.76
"Colombia",1988-11-05 02:00:00,76.39,776.49
"Colombia",1989-11-05 02:00:00,91.29,712
"Colombia",1990-11-05 02:00:00,109.71,732.62
"Colombia",1991-11-05 02:00:00,110.08,699.52
"Colombia",1992-11-05 02:00:00,138.44,657.25
"Colombia",1993-11-05 02:00:00,139.45,713.84
"Colombia",1994-11-05 02:00:00,146.91,693.56
"Colombia",1995-11-05 02:00:00,145.49,712.28
"Colombia",1996-11-05 02:00:00,145.7,696.73
"Colombia",1997-11-05 02:00:00,148.27,734.09
"Colombia",1998-11-05 02:00:00,152.82,636.07
"Colombia",1999-11-05 02:00:00,155.25,534.64
"Colombia",2000-11-05 02:00:00,151.63,660.21
"Colombia",2001-11-05 02:00:00,158.02,638.86
"Colombia",2002-11-05 02:00:00,158.66,664.14
"Colombia",2003-11-05 02:00:00,200.49,667.77
"Colombia",2004-11-05 02:00:00,203.81,729.68
"Colombia",2005-11-05 02:00:00,207.6,841.95
"Colombia",2006-11-05 02:00:00,206.33,1219.76
"Colombia",2007-11-05 02:00:00,209.48,1244.66
"Colombia",2008-11-05 02:00:00,254.12,1052.24
"Colombia",2009-11-05 02:00:00,267.12,1052.14
"Colombia",2010-11-05 02:00:00,284.81,1212.47
"Colombia",2011-11-05 02:00:00,281.67,1286.21
"Colombia",2012-11-05 02:00:00,282.43,1302.95
"Egypt",1955-11-05 02:00:00,91.73,4.55
"Egypt",1956-11-05 02:00:00,94.03,4.92
"Egypt",1957-11-05 02:00:00,93.14,12.75
"Egypt",1958-11-05 02:00:00,106.78,27.21
"Egypt",1959-11-05 02:00:00,156.76,112.24
"Egypt",1960-11-05 02:00:00,159.49,136.74
"Egypt",1961-11-05 02:00:00,215.11,155.34
"Egypt",1962-11-05 02:00:00,219.69,189.31
"Egypt",1963-11-05 02:00:00,134.95,193.38
"Egypt",1964-11-05 02:00:00,159.95,179.01
"Egypt",1965-11-05 02:00:00,204.42,180.33
"Egypt",1966-11-05 02:00:00,213.91,207.55
"Egypt",1967-11-05 02:00:00,219.81,201.7
"Egypt",1968-11-05 02:00:00,196.52,198.53
"Egypt",1969-11-05 02:00:00,230.65,303.75
"Egypt",1970-11-05 02:00:00,254.92,303.29
"Egypt",1971-11-05 02:00:00,316.43,260.26
"Egypt",1972-11-05 02:00:00,388.7,235.05
"Egypt",1973-11-05 02:00:00,390.86,292.99
"Egypt",1974-11-05 02:00:00,409.16,409.12
"Egypt",1975-11-05 02:00:00,399.94,357.81
"Egypt",1976-11-05 02:00:00,400.6,458.66
"Egypt",1977-11-05 02:00:00,349.67,265.25
"Egypt",1978-11-05 02:00:00,448.25,602.57
"Egypt",1979-11-05 02:00:00,446.4,802.3
"Egypt",1980-11-05 02:00:00,447.74,799.35
"Egypt",1981-11-05 02:00:00,449.23,903.72
"Egypt",1982-11-05 02:00:00,446.75,483.67
"Egypt",1983-11-05 02:00:00,447.72,199.24
"Egypt",1984-11-05 02:00:00,467.67,1152.69
"Egypt",1985-11-05 02:00:00,466.96,954.31
"Egypt",1986-11-05 02:00:00,399.02,1002.99
"Egypt",1987-11-05 02:00:00,448.42,1432.82
"Egypt",1988-11-05 02:00:00,453.17,2025.33
"Egypt",1989-11-05 02:00:00,450.3,2112.56
"Egypt",1990-11-05 02:00:00,435.2,2324.46
"Egypt",1991-11-05 02:00:00,433.67,2541.43
"Egypt",1992-11-05 02:00:00,424.48,2500.47
"Egypt",1993-11-05 02:00:00,423.68,2499.88
"Egypt",1994-11-05 02:00:00,430.02,2622.56
"Egypt",1995-11-05 02:00:00,430.47,2642.59
"Egypt",1996-11-05 02:00:00,430.78,2617.89
"Egypt",1997-11-05 02:00:00,429.12,2716.31
"Egypt",1998-11-05 02:00:00,430.12,2871.26
"Egypt",1999-11-05 02:00:00,429.86,2625.32
"Egypt",2000-11-05 02:00:00,448.82,2838.51
"Egypt",2001-11-05 02:00:00,442.71,3799.27
"Egypt",2002-11-05 02:00:00,443.3,4315
"Egypt",2003-11-05 02:00:00,450.93,4398.55
"Egypt",2004-11-05 02:00:00,458.35,4807.7
"Egypt",2005-11-05 02:00:00,467.96,5602.88
"Egypt",2006-11-05 02:00:00,467.34,6044.68
"Egypt",2007-11-05 02:00:00,469.28,6224.01
"Egypt",2008-11-05 02:00:00,469.06,6199.52
"Egypt",2009-11-05 02:00:00,470.09,5540.47
"Egypt",2010-11-05 02:00:00,468.78,6676.25
"Egypt",2011-11-05 02:00:00,469.37,6485.62
"Egypt",2012-11-05 02:00:00,438.48,6627.7
"Finland",1955-11-05 02:00:00,40.91,174.61
"Finland",1956-11-05 02:00:00,42.22,193.78
"Finland",1957-11-05 02:00:00,39.16,204.23
"Finland",1958-11-05 02:00:00,41.24,185.34
"Finland",1959-11-05 02:00:00,41.27,233.34
"Finland",1960-11-05 02:00:00,41.51,254.74
"Finland",1961-11-05 02:00:00,48.12,276.38
"Finland",1962-11-05 02:00:00,45.39,306.79
"Finland",1963-11-05 02:00:00,35.34,327.12
"Finland",1964-11-05 02:00:00,40.83,369.63
"Finland",1965-11-05 02:00:00,39.81,358.18
"Finland",1966-11-05 02:00:00,38.97,345.86
"Finland",1967-11-05 02:00:00,38.27,409.44
"Finland",1968-11-05 02:00:00,40.45,729.3
"Finland",1969-11-05 02:00:00,38.87,966.75
"Finland",1970-11-05 02:00:00,38.79,1167.33
"Finland",1971-11-05 02:00:00,38.6,1026.38
"Finland",1972-11-05 02:00:00,42.4,1456.22
"Finland",1973-11-05 02:00:00,39.67,1612.72
"Finland",1974-11-05 02:00:00,41.26,1655.74
"Finland",1975-11-05 02:00:00,39.2,1617.94
"Finland",1976-11-05 02:00:00,34.98,1645.87
"Finland",1977-11-05 02:00:00,40.67,2195.94
"Finland",1978-11-05 02:00:00,39.11,2333.33
"Finland",1979-11-05 02:00:00,36.59,2463.67
"Finland",1980-11-05 02:00:00,35.95,2509.88
"Finland",1981-11-05 02:00:00,37.9,2428.34
"Finland",1982-11-05 02:00:00,35.24,2414.99
"Finland",1983-11-05 02:00:00,39.37,2415.45
"Finland",1984-11-05 02:00:00,41.41,2632.05
"Finland",1985-11-05 02:00:00,40.09,2518.74
"Finland",1986-11-05 02:00:00,38.69,2586.16
"Finland",1987-11-05 02:00:00,38.37,2667.4
"Finland",1988-11-05 02:00:00,40.79,2796.37
"Finland",1989-11-05 02:00:00,39.72,2897.93
"Finland",1990-11-05 02:00:00,30.45,2839.51
"Finland",1991-11-05 02:00:00,32.99,2873.12
"Finland",1992-11-05 02:00:00,33.05,3061.18
"Finland",1993-11-05 02:00:00,32.78,3240.36
"Finland",1994-11-05 02:00:00,33.85,3418.88
"Finland",1995-11-05 02:00:00,33.4,3175.91
"Finland",1996-11-05 02:00:00,35.53,3300.34
"Finland",1997-11-05 02:00:00,35.77,3732.86
"Finland",1998-11-05 02:00:00,35.43,3952.36
"Finland",1999-11-05 02:00:00,35.74,3956.82
"Finland",2000-11-05 02:00:00,31.42,4094.25
"Finland",2001-11-05 02:00:00,31.14,3938.31
"Finland",2002-11-05 02:00:00,31.49,4003.62
"Finland",2003-11-05 02:00:00,27.99,4767.47
"Finland",2004-11-05 02:00:00,28.44,4830.68
"Finland",2005-11-05 02:00:00,27.11,4738.91
"Finland",2006-11-05 02:00:00,28.68,5053.24
"Finland",2007-11-05 02:00:00,28.75,4429.02
"Finland",2008-11-05 02:00:00,28.59,4418.14
"Finland",2009-11-05 02:00:00,29.4,3066
"Finland",2010-11-05 02:00:00,22.78,4028.53
"Finland",2011-11-05 02:00:00,21.64,3989.35
"Finland",2012-11-05 02:00:00,21.53,3760.22
"France",1955-11-05 02:00:00,800.53,12592.94
"France",1956-11-05 02:00:00,856.41,13400.83
"France",1957-11-05 02:00:00,913.8,14094.91
"France",1958-11-05 02:00:00,961.27,14615.81
"France",1959-11-05 02:00:00,993.63,15217.61
"France",1960-11-05 02:00:00,1026.22,17281.31
"France",1961-11-05 02:00:00,720.71,17568.26
"France",1962-11-05 02:00:00,705.54,17241.04
"France",1963-11-05 02:00:00,734.69,17555.35
"France",1964-11-05 02:00:00,688.3,19779.56
"France",1965-11-05 02:00:00,584.94,19603.61
"France",1966-11-05 02:00:00,579.57,19584.57
"France",1967-11-05 02:00:00,594.42,19655.57
"France",1968-11-05 02:00:00,569.73,20410.31
"France",1969-11-05 02:00:00,569.38,22510.36
"France",1970-11-05 02:00:00,569.2,23774.42
"France",1971-11-05 02:00:00,565.32,22856.94
"France",1972-11-05 02:00:00,559.85,24054.6
"France",1973-11-05 02:00:00,583.22,25263.58
"France",1974-11-05 02:00:00,584.16,27023.85
"France",1975-11-05 02:00:00,584.59,21529.03
"France",1976-11-05 02:00:00,584.88,23222.74
"France",1977-11-05 02:00:00,584.91,22094.16
"France",1978-11-05 02:00:00,580.94,22841.05
"France",1979-11-05 02:00:00,578.68,23360.21
"France",1980-11-05 02:00:00,574.32,23177.12
"France",1981-11-05 02:00:00,574.71,21257.02
"France",1982-11-05 02:00:00,576.74,18401.85
"France",1983-11-05 02:00:00,578.59,17580.92
"France",1984-11-05 02:00:00,570.57,19000.48
"France",1985-11-05 02:00:00,564.66,19008.69
"France",1986-11-05 02:00:00,559.01,17865.79
"France",1987-11-05 02:00:00,558.8,17692.24
"France",1988-11-05 02:00:00,558.18,19120.34
"France",1989-11-05 02:00:00,556.57,16800.4
"France",1990-11-05 02:00:00,552.78,19020
"France",1991-11-05 02:00:00,553.39,18430.47
"France",1992-11-05 02:00:00,542.1,18022.59
"France",1993-11-05 02:00:00,506.53,17111.49
"France",1994-11-05 02:00:00,507.55,18032.32
"France",1995-11-05 02:00:00,503.88,18099.71
"France",1996-11-05 02:00:00,501.59,17631.49
"France",1997-11-05 02:00:00,477.44,19767.25
"France",1998-11-05 02:00:00,448.19,20127.86
"France",1999-11-05 02:00:00,420.51,20200.51
"France",2000-11-05 02:00:00,294.61,20953.57
"France",2001-11-05 02:00:00,274.4,19343.94
"France",2002-11-05 02:00:00,260.92,20258.46
"France",2003-11-05 02:00:00,257.7,19759.53
"France",2004-11-05 02:00:00,255.37,20770.36
"France",2005-11-05 02:00:00,257.45,19481.08
"France",2006-11-05 02:00:00,255.46,19853.69
"France",2007-11-05 02:00:00,253.71,19249.9
"France",2008-11-05 02:00:00,253.48,17879.37
"France",2009-11-05 02:00:00,352.33,12839.77
"France",2010-11-05 02:00:00,354.92,15413.72
"France",2011-11-05 02:00:00,238.97,15779.27
"France",2012-11-05 02:00:00,238.75,15608.76
"Greece",1955-11-05 02:00:00,143.47,65.47
"Greece",1956-11-05 02:00:00,136.27,74.21
"Greece",1957-11-05 02:00:00,143.15,74.48
"Greece",1958-11-05 02:00:00,147.77,113
"Greece",1959-11-05 02:00:00,152.21,88.98
"Greece",1960-11-05 02:00:00,158.47,125.22
"Greece",1961-11-05 02:00:00,161.89,139.35
"Greece",1962-11-05 02:00:00,159.33,64.75
"Greece",1963-11-05 02:00:00,174.28,76.06
"Greece",1964-11-05 02:00:00,173.63,166.34
"Greece",1965-11-05 02:00:00,189.33,211.16
"Greece",1966-11-05 02:00:00,175.41,209.1
"Greece",1967-11-05 02:00:00,172.75,160.23
"Greece",1968-11-05 02:00:00,184.05,217.47
"Greece",1969-11-05 02:00:00,179.29,448.01
"Greece",1970-11-05 02:00:00,179.35,435.44
"Greece",1971-11-05 02:00:00,180.66,475.55
"Greece",1972-11-05 02:00:00,180.33,606.93
"Greece",1973-11-05 02:00:00,184.82,752.65
"Greece",1974-11-05 02:00:00,183.52,688.38
"Greece",1975-11-05 02:00:00,184.94,720.96
"Greece",1976-11-05 02:00:00,185.72,1110.57
"Greece",1977-11-05 02:00:00,188.04,1001.28
"Greece",1978-11-05 02:00:00,184.5,1001.4
"Greece",1979-11-05 02:00:00,186.89,1000.08
"Greece",1980-11-05 02:00:00,186.6,1067.27
"Greece",1981-11-05 02:00:00,186.8,908.97
"Greece",1982-11-05 02:00:00,186.35,912.07
"Greece",1983-11-05 02:00:00,177.84,755.65
"Greece",1984-11-05 02:00:00,196.08,773.28
"Greece",1985-11-05 02:00:00,201.07,986.8
"Greece",1986-11-05 02:00:00,201.87,1008.11
"Greece",1987-11-05 02:00:00,199.44,907.58
"Greece",1988-11-05 02:00:00,198.05,957.86
"Greece",1989-11-05 02:00:00,201.39,960.6
"Greece",1990-11-05 02:00:00,200.89,997.12
"Greece",1991-11-05 02:00:00,205.26,980.43
"Greece",1992-11-05 02:00:00,208.2,923.92
"Greece",1993-11-05 02:00:00,213.88,979.68
"Greece",1994-11-05 02:00:00,205.6,846.5
"Greece",1995-11-05 02:00:00,212.74,939.75
"Greece",1996-11-05 02:00:00,213.07,848.08
"Greece",1997-11-05 02:00:00,205.36,1014.81
"Greece",1998-11-05 02:00:00,200.52,1109.9
"Greece",1999-11-05 02:00:00,203.82,953.47
"Greece",2000-11-05 02:00:00,160.03,1087.3
"Greece",2001-11-05 02:00:00,157.28,1282.67
"Greece",2002-11-05 02:00:00,177.18,1832.62
"Greece",2003-11-05 02:00:00,177.12,1699.17
"Greece",2004-11-05 02:00:00,172.29,1966.32
"Greece",2005-11-05 02:00:00,162.69,2266.78
"Greece",2006-11-05 02:00:00,163.43,2417.14
"Greece",2007-11-05 02:00:00,148.18,2553.38
"Greece",2008-11-05 02:00:00,155.31,2476.61
"Greece",2009-11-05 02:00:00,155.61,2002.01
"Greece",2010-11-05 02:00:00,156.29,1821.92
"Greece",2011-11-05 02:00:00,141.48,1933.75
"Greece",2012-11-05 02:00:00,145.39,1246.43
"Hungary",1955-11-05 02:00:00,204.61,1629.15
"Hungary",1956-11-05 02:00:00,215.24,1414.75
"Hungary",1957-11-05 02:00:00,6.26,1374.87
"Hungary",1958-11-05 02:00:00,30.16,1627.01
"Hungary",1959-11-05 02:00:00,55.14,1760.32
"Hungary",1960-11-05 02:00:00,77.86,1887.35
"Hungary",1961-11-05 02:00:00,116.38,2053.12
"Hungary",1962-11-05 02:00:00,118.35,2332.23
"Hungary",1963-11-05 02:00:00,155.65,2372.74
"Hungary",1964-11-05 02:00:00,155.7,2363.76
"Hungary",1965-11-05 02:00:00,155.59,2520.15
"Hungary",1966-11-05 02:00:00,156.34,2647.45
"Hungary",1967-11-05 02:00:00,154.84,2739.13
"Hungary",1968-11-05 02:00:00,147.6,2902.65
"Hungary",1969-11-05 02:00:00,146.18,3033.92
"Hungary",1970-11-05 02:00:00,146.9,3106.08
"Hungary",1971-11-05 02:00:00,145.36,3110.6
"Hungary",1972-11-05 02:00:00,146.41,3274.19
"Hungary",1973-11-05 02:00:00,139.44,3327.43
"Hungary",1974-11-05 02:00:00,124.32,3466.07
"Hungary",1975-11-05 02:00:00,118.14,3672.89
"Hungary",1976-11-05 02:00:00,118.62,3651.42
"Hungary",1977-11-05 02:00:00,120.97,3723.19
"Hungary",1978-11-05 02:00:00,122.72,3878.11
"Hungary",1979-11-05 02:00:00,120.28,3907.39
"Hungary",1980-11-05 02:00:00,119.75,3764.87
"Hungary",1981-11-05 02:00:00,119.97,3642.54
"Hungary",1982-11-05 02:00:00,121.05,3702.45
"Hungary",1983-11-05 02:00:00,117.45,3614.02
"Hungary",1984-11-05 02:00:00,118.13,3748.82
"Hungary",1985-11-05 02:00:00,116.76,3645.37
"Hungary",1986-11-05 02:00:00,115.96,3713.35
"Hungary",1987-11-05 02:00:00,116.84,3618.85
"Hungary",1988-11-05 02:00:00,117.94,3582.53
"Hungary",1989-11-05 02:00:00,108.93,3220.16
"Hungary",1990-11-05 02:00:00,95.34,2730.13
"Hungary",1991-11-05 02:00:00,86.05,1900.75
"Hungary",1992-11-05 02:00:00,77.69,1538.89
"Hungary",1993-11-05 02:00:00,64.87,1752.79
"Hungary",1994-11-05 02:00:00,60.72,1937.38
"Hungary",1995-11-05 02:00:00,59.88,1861.6
"Hungary",1996-11-05 02:00:00,50.52,1874.08
"Hungary",1997-11-05 02:00:00,50.62,1690.08
"Hungary",1998-11-05 02:00:00,43.9,1815.39
"Hungary",1999-11-05 02:00:00,51.46,1811.73
"Hungary",2000-11-05 02:00:00,44.89,1870.36
"Hungary",2001-11-05 02:00:00,33.24,1956.89
"Hungary",2002-11-05 02:00:00,32.71,2053.29
"Hungary",2003-11-05 02:00:00,33.4,1990.09
"Hungary",2004-11-05 02:00:00,32.56,1952.36
"Hungary",2005-11-05 02:00:00,34.07,1956.46
"Hungary",2006-11-05 02:00:00,32.51,2084.84
"Hungary",2007-11-05 02:00:00,31.75,2228.12
"Hungary",2008-11-05 02:00:00,31.05,2098.35
"Hungary",2009-11-05 02:00:00,24.64,1402.46
"Hungary",2010-11-05 02:00:00,28.24,1676.95
"Hungary",2011-11-05 02:00:00,29.59,1746.6
"Hungary",2012-11-05 02:00:00,23.29,1542.22
"India",1955-11-05 02:00:00,390.66,1732.23
"India",1956-11-05 02:00:00,397.31,1765.72
"India",1957-11-05 02:00:00,444.45,1742.03
"India",1958-11-05 02:00:00,489.74,1842.63
"India",1959-11-05 02:00:00,535.52,2473.48
"India",1960-11-05 02:00:00,535.51,3285.21
"India",1961-11-05 02:00:00,777,4082.54
"India",1962-11-05 02:00:00,800.54,5149.06
"India",1963-11-05 02:00:00,1084.47,5884.87
"India",1964-11-05 02:00:00,1215.25,6034.14
"India",1965-11-05 02:00:00,1220.18,6470.15
"India",1966-11-05 02:00:00,1400.08,6660.46
"India",1967-11-05 02:00:00,1420.97,6439.36
"India",1968-11-05 02:00:00,1479.26,6493.25
"India",1969-11-05 02:00:00,1510.7,6512.8
"India",1970-11-05 02:00:00,1548.84,6288.28
"India",1971-11-05 02:00:00,1561.3,6375.17
"India",1972-11-05 02:00:00,1589.29,6906.69
"India",1973-11-05 02:00:00,1620.68,7353.86
"India",1974-11-05 02:00:00,1618.43,6738.8
"India",1975-11-05 02:00:00,1668.44,7926.02
"India",1976-11-05 02:00:00,1440.22,9314.13
"India",1977-11-05 02:00:00,1271.53,9894.58
"India",1978-11-05 02:00:00,1299.5,10023.35
"India",1979-11-05 02:00:00,1285.3,10004.28
"India",1980-11-05 02:00:00,1105.04,9426.95
"India",1981-11-05 02:00:00,1103.48,10694.66
"India",1982-11-05 02:00:00,1119.5,10921.2
"India",1983-11-05 02:00:00,1103.87,10138.31
"India",1984-11-05 02:00:00,1120.47,10347.69
"India",1985-11-05 02:00:00,1260.68,11187.36
"India",1986-11-05 02:00:00,1260.6,11058.16
"India",1987-11-05 02:00:00,1259.62,12262.59
"India",1988-11-05 02:00:00,1358.98,13018.86
"India",1989-11-05 02:00:00,1259.18,15522.72
"India",1990-11-05 02:00:00,1260.06,16478.69
"India",1991-11-05 02:00:00,1259.4,17577.88
"India",1992-11-05 02:00:00,1259.43,18723.68
"India",1993-11-05 02:00:00,1261.13,18617.53
"India",1994-11-05 02:00:00,1261.19,19283.5
"India",1995-11-05 02:00:00,1259.9,22002.84
"India",1996-11-05 02:00:00,1258.84,23752.44
"India",1997-11-05 02:00:00,1259.81,24414.59
"India",1998-11-05 02:00:00,1299.71,23478.65
"India",1999-11-05 02:00:00,1299.41,24295.08
"India",2000-11-05 02:00:00,1303.5,26923.49
"India",2001-11-05 02:00:00,1264.45,27290.31
"India",2002-11-05 02:00:00,1299,28812.29
"India",2003-11-05 02:00:00,1327.09,31777.29
"India",2004-11-05 02:00:00,1326.41,32626.22
"India",2005-11-05 02:00:00,1325.65,45781.58
"India",2006-11-05 02:00:00,1323.97,49448.79
"India",2007-11-05 02:00:00,1314.78,53466.75
"India",2008-11-05 02:00:00,1289.14,57788.55
"India",2009-11-05 02:00:00,1280.88,63525.94
"India",2010-11-05 02:00:00,1324.81,68974.76
"India",2011-11-05 02:00:00,1324.38,73590.68
"India",2012-11-05 02:00:00,1323.54,77264.53
"Israel",1955-11-05 02:00:00,74.75,9.67
"Israel",1956-11-05 02:00:00,74.59,13.31
"Israel",1957-11-05 02:00:00,69.04,14.56
"Israel",1958-11-05 02:00:00,65.29,20.79
"Israel",1959-11-05 02:00:00,65.55,23.7
"Israel",1960-11-05 02:00:00,65.27,39.55
"Israel",1961-11-05 02:00:00,63.16,61.11
"Israel",1962-11-05 02:00:00,66.58,80.27
"Israel",1963-11-05 02:00:00,65.7,82.99
"Israel",1964-11-05 02:00:00,64.8,82.06
"Israel",1965-11-05 02:00:00,64.52,83.51
"Israel",1966-11-05 02:00:00,64.68,83.57
"Israel",1967-11-05 02:00:00,74.49,83.62
"Israel",1968-11-05 02:00:00,97.33,99.41
"Israel",1969-11-05 02:00:00,100.03,120.18
"Israel",1970-11-05 02:00:00,104.27,118.72
"Israel",1971-11-05 02:00:00,130.55,119.27
"Israel",1972-11-05 02:00:00,129.93,90.77
"Israel",1973-11-05 02:00:00,130,119.85
"Israel",1974-11-05 02:00:00,182.75,73.82
"Israel",1975-11-05 02:00:00,171.23,60.31
"Israel",1976-11-05 02:00:00,174.47,69.85
"Israel",1977-11-05 02:00:00,178.73,69.82
"Israel",1978-11-05 02:00:00,178.47,90.12
"Israel",1979-11-05 02:00:00,182.03,109.1
"Israel",1980-11-05 02:00:00,196.36,114.95
"Israel",1981-11-05 02:00:00,200.38,120.14
"Israel",1982-11-05 02:00:00,206.19,118.98
"Israel",1983-11-05 02:00:00,207.99,151.42
"Israel",1984-11-05 02:00:00,204.31,91.47
"Israel",1985-11-05 02:00:00,194.46,99.3
"Israel",1986-11-05 02:00:00,179.45,109.78
"Israel",1987-11-05 02:00:00,181.55,116.54
"Israel",1988-11-05 02:00:00,190.88,119.88
"Israel",1989-11-05 02:00:00,190.31,118.39
"Israel",1990-11-05 02:00:00,188.84,144.36
"Israel",1991-11-05 02:00:00,190.22,160.26
"Israel",1992-11-05 02:00:00,178.8,158.76
"Israel",1993-11-05 02:00:00,181.48,158.09
"Israel",1994-11-05 02:00:00,185.1,179.98
"Israel",1995-11-05 02:00:00,184.65,220.87
"Israel",1996-11-05 02:00:00,185.06,265.22
"Israel",1997-11-05 02:00:00,184.36,269.97
"Israel",1998-11-05 02:00:00,175.15,280.39
"Israel",1999-11-05 02:00:00,174.39,279.86
"Israel",2000-11-05 02:00:00,172.44,278.39
"Israel",2001-11-05 02:00:00,164.59,278.31
"Israel",2002-11-05 02:00:00,163.67,278.47
"Israel",2003-11-05 02:00:00,168.15,279.15
"Israel",2004-11-05 02:00:00,167.44,279.26
"Israel",2005-11-05 02:00:00,167.51,299.45
"Israel",2006-11-05 02:00:00,168.04,299.82
"Israel",2007-11-05 02:00:00,167.51,299.3
"Israel",2008-11-05 02:00:00,177.46,299.43
"Israel",2009-11-05 02:00:00,175.16,298.8
"Israel",2010-11-05 02:00:00,177.19,299.1
"Israel",2011-11-05 02:00:00,177.01,300.64
"Israel",2012-11-05 02:00:00,175.14,299.4
"Italy",1955-11-05 02:00:00,317.25,5394.51
"Italy",1956-11-05 02:00:00,319.75,5908.07
"Italy",1957-11-05 02:00:00,319.5,6787.12
"Italy",1958-11-05 02:00:00,320.84,6271.16
"Italy",1959-11-05 02:00:00,321.59,6763.4
"Italy",1960-11-05 02:00:00,321.37,8228.57
"Italy",1961-11-05 02:00:00,469.82,9122.67
"Italy",1962-11-05 02:00:00,470.77,9489.35
"Italy",1963-11-05 02:00:00,515.23,10155.78
"Italy",1964-11-05 02:00:00,589.69,9792.34
"Italy",1965-11-05 02:00:00,461.36,12659.85
"Italy",1966-11-05 02:00:00,434.22,13641.12
"Italy",1967-11-05 02:00:00,428.8,15890.43
"Italy",1968-11-05 02:00:00,430.6,16962.71
"Italy",1969-11-05 02:00:00,436.61,16427.55
"Italy",1970-11-05 02:00:00,437.1,17277.7
"Italy",1971-11-05 02:00:00,434.09,17452.89
"Italy",1972-11-05 02:00:00,509.99,19814.62
"Italy",1973-11-05 02:00:00,549,20995.8
"Italy",1974-11-05 02:00:00,532.33,23803.28
"Italy",1975-11-05 02:00:00,459.93,21834.71
"Italy",1976-11-05 02:00:00,455.32,23445.39
"Italy",1977-11-05 02:00:00,475.36,23336.19
"Italy",1978-11-05 02:00:00,488.15,24281.01
"Italy",1979-11-05 02:00:00,489.95,24302.41
"Italy",1980-11-05 02:00:00,500.7,26499.86
"Italy",1981-11-05 02:00:00,505.67,24777.77
"Italy",1982-11-05 02:00:00,517.75,24007.92
"Italy",1983-11-05 02:00:00,496.73,21810.65
"Italy",1984-11-05 02:00:00,509.46,24109.78
"Italy",1985-11-05 02:00:00,504.09,23900.05
"Italy",1986-11-05 02:00:00,529.59,22881.51
"Italy",1987-11-05 02:00:00,503.65,22859.13
"Italy",1988-11-05 02:00:00,505.2,23758.81
"Italy",1989-11-05 02:00:00,505,25174.04
"Italy",1990-11-05 02:00:00,492.71,25451.56
"Italy",1991-11-05 02:00:00,473.81,25030.27
"Italy",1992-11-05 02:00:00,472.84,24742.79
"Italy",1993-11-05 02:00:00,448.34,25847.62
"Italy",1994-11-05 02:00:00,435.68,26149.98
"Italy",1995-11-05 02:00:00,433.77,27765.79
"Italy",1996-11-05 02:00:00,429.93,23909.27
"Italy",1997-11-05 02:00:00,419.25,25841.55
"Italy",1998-11-05 02:00:00,401.04,25713.51
"Italy",1999-11-05 02:00:00,390.26,24878.33
"Italy",2000-11-05 02:00:00,252.31,26757.1
"Italy",2001-11-05 02:00:00,230.11,26544.93
"Italy",2002-11-05 02:00:00,216.16,26066.55
"Italy",2003-11-05 02:00:00,199.44,27058.2
"Italy",2004-11-05 02:00:00,197.38,28605.26
"Italy",2005-11-05 02:00:00,191.26,29350.99
"Italy",2006-11-05 02:00:00,191.43,31624.32
"Italy",2007-11-05 02:00:00,191.93,31553.34
"Italy",2008-11-05 02:00:00,185.01,30589.48
"Italy",2009-11-05 02:00:00,292.19,19847.24
"Italy",2010-11-05 02:00:00,292.68,25749.48
"Italy",2011-11-05 02:00:00,185.25,28734.52
"Italy",2012-11-05 02:00:00,185.19,27251.54
"Japan",1955-11-05 02:00:00,195.99,9406.41
"Japan",1956-11-05 02:00:00,215.09,11105.14
"Japan",1957-11-05 02:00:00,223.72,12569.25
"Japan",1958-11-05 02:00:00,244.07,12117.18
"Japan",1959-11-05 02:00:00,254.5,16628.32
"Japan",1960-11-05 02:00:00,262.43,22137.63
"Japan",1961-11-05 02:00:00,230.09,28269.94
"Japan",1962-11-05 02:00:00,235.84,27543.25
"Japan",1963-11-05 02:00:00,242.9,31501.29
"Japan",1964-11-05 02:00:00,245.35,39798.53
"Japan",1965-11-05 02:00:00,244.96,41159.97
"Japan",1966-11-05 02:00:00,226.04,47784.08
"Japan",1967-11-05 02:00:00,230.8,62154.04
"Japan",1968-11-05 02:00:00,236.15,66893.13
"Japan",1969-11-05 02:00:00,234.42,82166.97
"Japan",1970-11-05 02:00:00,236.05,93320.31
"Japan",1971-11-05 02:00:00,233.67,88557.73
"Japan",1972-11-05 02:00:00,233.36,96901.14
"Japan",1973-11-05 02:00:00,233.2,119322.22
"Japan",1974-11-05 02:00:00,236.2,117129.8
"Japan",1975-11-05 02:00:00,238.26,102314
"Japan",1976-11-05 02:00:00,235.74,107400.17
"Japan",1977-11-05 02:00:00,234.85,102405.5
"Japan",1978-11-05 02:00:00,239.23,102005.54
"Japan",1979-11-05 02:00:00,238.89,111748.54
"Japan",1980-11-05 02:00:00,240.6,111394.76
"Japan",1981-11-05 02:00:00,241.64,101675.72
"Japan",1982-11-05 02:00:00,242.57,99546.15
"Japan",1983-11-05 02:00:00,241.92,97178.16
"Japan",1984-11-05 02:00:00,242.66,105584.43
"Japan",1985-11-05 02:00:00,240.9,105277.98
"Japan",1986-11-05 02:00:00,244.92,98275.04
"Japan",1987-11-05 02:00:00,244.64,98511.62
"Japan",1988-11-05 02:00:00,245.48,105679.99
"Japan",1989-11-05 02:00:00,245.65,107906.96
"Japan",1990-11-05 02:00:00,250.81,110338.2
"Japan",1991-11-05 02:00:00,249.8,109648.08
"Japan",1992-11-05 02:00:00,240.3,98131.04
"Japan",1993-11-05 02:00:00,241.47,99599.36
"Japan",1994-11-05 02:00:00,233.17,98294.64
"Japan",1995-11-05 02:00:00,241.07,101639.4
"Japan",1996-11-05 02:00:00,249.47,98798.65
"Japan",1997-11-05 02:00:00,249.66,104544.6
"Japan",1998-11-05 02:00:00,257.94,93547.93
"Japan",1999-11-05 02:00:00,239.75,94191.95
"Japan",2000-11-05 02:00:00,235.56,106444.2
"Japan",2001-11-05 02:00:00,238.83,102865.6
"Japan",2002-11-05 02:00:00,241.44,107745.5
"Japan",2003-11-05 02:00:00,237.17,110510.84
"Japan",2004-11-05 02:00:00,238.49,112717.19
"Japan",2005-11-05 02:00:00,240.63,112471.24
"Japan",2006-11-05 02:00:00,261.59,116224.79
"Japan",2007-11-05 02:00:00,239.08,120200.18
"Japan",2008-11-05 02:00:00,240.14,118739.28
"Japan",2009-11-05 02:00:00,229.43,87533.43
"Japan",2010-11-05 02:00:00,229.36,109599.01
"Japan",2011-11-05 02:00:00,246.92,107602.1
"Japan",2012-11-05 02:00:00,246.29,107234.08
"Luxembourg",1955-11-05 02:00:00,2.44,3224.64
"Luxembourg",1956-11-05 02:00:00,2.64,3457.01
"Luxembourg",1957-11-05 02:00:00,2.87,3493.3
"Luxembourg",1958-11-05 02:00:00,1.18,3378.04
"Luxembourg",1959-11-05 02:00:00,2.74,3663.86
"Luxembourg",1960-11-05 02:00:00,2.5,4084.41
"Luxembourg",1961-11-05 02:00:00,6.33,4113.56
"Luxembourg",1962-11-05 02:00:00,5.19,4009.87
"Luxembourg",1963-11-05 02:00:00,1.89,4031.68
"Luxembourg",1964-11-05 02:00:00,0.09,4558.84
"Luxembourg",1965-11-05 02:00:00,3.57,4587.81
"Luxembourg",1966-11-05 02:00:00,2.21,4390.89
"Luxembourg",1967-11-05 02:00:00,1.06,4481.53
"Luxembourg",1968-11-05 02:00:00,1.69,4833.84
"Luxembourg",1969-11-05 02:00:00,0.83,5522.79
"Luxembourg",1970-11-05 02:00:00,0.82,5461.31
"Luxembourg",1971-11-05 02:00:00,0.77,5239.23
"Luxembourg",1972-11-05 02:00:00,1.66,5456.5
"Luxembourg",1973-11-05 02:00:00,2.41,5293.88
"Luxembourg",1974-11-05 02:00:00,0.95,6448.8
"Luxembourg",1975-11-05 02:00:00,-0.47,4625.1
"Luxembourg",1976-11-05 02:00:00,0.88,4566.63
"Luxembourg",1977-11-05 02:00:00,0.06,4329.37
"Luxembourg",1978-11-05 02:00:00,2.54,4789.99
"Luxembourg",1979-11-05 02:00:00,0.55,4953.29
"Luxembourg",1980-11-05 02:00:00,1.39,4625.83
"Luxembourg",1981-11-05 02:00:00,-0.56,3788.64
"Luxembourg",1982-11-05 02:00:00,0.99,3509.59
"Luxembourg",1983-11-05 02:00:00,0.64,3293.15
"Luxembourg",1984-11-05 02:00:00,0.2,3987.02
"Luxembourg",1985-11-05 02:00:00,1,3946.51
"Luxembourg",1986-11-05 02:00:00,3.3,3703.77
"Luxembourg",1987-11-05 02:00:00,2.21,3300.53
"Luxembourg",1988-11-05 02:00:00,0.98,3660.42
"Luxembourg",1989-11-05 02:00:00,2.19,3720.56
"Luxembourg",1990-11-05 02:00:00,1.11,3479.48
"Luxembourg",1991-11-05 02:00:00,2.54,3384.54
"Luxembourg",1992-11-05 02:00:00,0.12,3072.23
"Luxembourg",1993-11-05 02:00:00,0.58,3286.44
"Luxembourg",1994-11-05 02:00:00,-1.66,3072.76
"Luxembourg",1995-11-05 02:00:00,-0.63,2614.11
"Luxembourg",1996-11-05 02:00:00,2.01,2501.84
"Luxembourg",1997-11-05 02:00:00,-0.96,2580.75
"Luxembourg",1998-11-05 02:00:00,2.45,2475.59
"Luxembourg",1999-11-05 02:00:00,1.05,2599.38
"Luxembourg",2000-11-05 02:00:00,1.58,2571.75
"Luxembourg",2001-11-05 02:00:00,0.3,2724.9
"Luxembourg",2002-11-05 02:00:00,0.76,2720.63
"Luxembourg",2003-11-05 02:00:00,0.88,2673.85
"Luxembourg",2004-11-05 02:00:00,1.09,2684.93
"Luxembourg",2005-11-05 02:00:00,1.03,2193.64
"Luxembourg",2006-11-05 02:00:00,0.95,2801.12
"Luxembourg",2007-11-05 02:00:00,1.1,2856.7
"Luxembourg",2008-11-05 02:00:00,1.51,2581.66
"Luxembourg",2009-11-05 02:00:00,0.51,2142.3
"Luxembourg",2010-11-05 02:00:00,0.87,2548.07
"Luxembourg",2011-11-05 02:00:00,0.12,2520.13
"Luxembourg",2012-11-05 02:00:00,-0.33,2210.1
"Mexico",1955-11-05 02:00:00,49.61,511.58
"Mexico",1956-11-05 02:00:00,46.7,590.66
"Mexico",1957-11-05 02:00:00,46.38,686.14
"Mexico",1958-11-05 02:00:00,48.68,988.36
"Mexico",1959-11-05 02:00:00,49.18,1211.19
"Mexico",1960-11-05 02:00:00,50.78,1498.29
"Mexico",1961-11-05 02:00:00,59.86,1726.35
"Mexico",1962-11-05 02:00:00,66.51,1852.21
"Mexico",1963-11-05 02:00:00,65.29,1975.25
"Mexico",1964-11-05 02:00:00,66.15,2285.25
"Mexico",1965-11-05 02:00:00,65.07,2396.16
"Mexico",1966-11-05 02:00:00,75.74,2778.51
"Mexico",1967-11-05 02:00:00,79.04,3059.64
"Mexico",1968-11-05 02:00:00,76.73,3269.91
"Mexico",1969-11-05 02:00:00,74.3,3471.47
"Mexico",1970-11-05 02:00:00,80.53,3847.54
"Mexico",1971-11-05 02:00:00,80.29,3784.9
"Mexico",1972-11-05 02:00:00,78.82,4396.83
"Mexico",1973-11-05 02:00:00,81.3,4652.25
"Mexico",1974-11-05 02:00:00,84.38,5048.28
"Mexico",1975-11-05 02:00:00,96.16,5195.65
"Mexico",1976-11-05 02:00:00,99.81,5241.05
"Mexico",1977-11-05 02:00:00,99.68,5529.43
"Mexico",1978-11-05 02:00:00,120.41,6712.37
"Mexico",1979-11-05 02:00:00,120.09,7023.7
"Mexico",1980-11-05 02:00:00,121.77,7003.39
"Mexico",1981-11-05 02:00:00,125.6,7448.88
"Mexico",1982-11-05 02:00:00,130.34,6925.88
"Mexico",1983-11-05 02:00:00,130.64,6747.24
"Mexico",1984-11-05 02:00:00,128.1,7293.16
"Mexico",1985-11-05 02:00:00,140.99,7173.68
"Mexico",1986-11-05 02:00:00,140.87,6958.98
"Mexico",1987-11-05 02:00:00,141.84,7208.78
"Mexico",1988-11-05 02:00:00,154.47,7312.03
"Mexico",1989-11-05 02:00:00,152.66,7330.59
"Mexico",1990-11-05 02:00:00,174.46,8221.12
"Mexico",1991-11-05 02:00:00,174.97,7462.46
"Mexico",1992-11-05 02:00:00,176.59,7848.36
"Mexico",1993-11-05 02:00:00,177.62,8188.81
"Mexico",1994-11-05 02:00:00,174.54,10258.45
"Mexico",1995-11-05 02:00:00,174.74,12147.6
"Mexico",1996-11-05 02:00:00,175.75,13195.94
"Mexico",1997-11-05 02:00:00,251.44,14247.87
"Mexico",1998-11-05 02:00:00,255.6,14219.96
"Mexico",1999-11-05 02:00:00,255.32,15274.84
"Mexico",2000-11-05 02:00:00,192.39,15630.38
"Mexico",2001-11-05 02:00:00,191.49,13300.46
"Mexico",2002-11-05 02:00:00,191.61,14009.09
"Mexico",2003-11-05 02:00:00,194.34,15160.12
"Mexico",2004-11-05 02:00:00,194.92,16736.49
"Mexico",2005-11-05 02:00:00,192.11,16194.11
"Mexico",2006-11-05 02:00:00,192.07,16447.93
"Mexico",2007-11-05 02:00:00,237.23,17573.27
"Mexico",2008-11-05 02:00:00,249.95,17209.61
"Mexico",2009-11-05 02:00:00,253.03,14133.85
"Mexico",2010-11-05 02:00:00,268.69,16870.73
"Mexico",2011-11-05 02:00:00,279.93,18098.67
"Mexico",2012-11-05 02:00:00,281.09,18073.91
"Netherlands",1955-11-05 02:00:00,188.57,981.51
"Netherlands",1956-11-05 02:00:00,180.57,1052.09
"Netherlands",1957-11-05 02:00:00,172.69,1186.19
"Netherlands",1958-11-05 02:00:00,165.89,1439.05
"Netherlands",1959-11-05 02:00:00,157.32,1671.73
"Netherlands",1960-11-05 02:00:00,148.95,1941.22
"Netherlands",1961-11-05 02:00:00,142.65,1970.18
"Netherlands",1962-11-05 02:00:00,140.35,2086.9
"Netherlands",1963-11-05 02:00:00,131.11,2341.68
"Netherlands",1964-11-05 02:00:00,122.44,2645.69
"Netherlands",1965-11-05 02:00:00,123.77,3136.72
"Netherlands",1966-11-05 02:00:00,119.88,3255.21
"Netherlands",1967-11-05 02:00:00,120.68,3401.67
"Netherlands",1968-11-05 02:00:00,119.93,3707.08
"Netherlands",1969-11-05 02:00:00,122.6,4720.36
"Netherlands",1970-11-05 02:00:00,114.85,5041.53
"Netherlands",1971-11-05 02:00:00,110.51,5083.58
"Netherlands",1972-11-05 02:00:00,113.08,5584.91
"Netherlands",1973-11-05 02:00:00,112.01,5624.5
"Netherlands",1974-11-05 02:00:00,109.59,5839.92
"Netherlands",1975-11-05 02:00:00,107.19,4824.07
"Netherlands",1976-11-05 02:00:00,106.38,5189.92
"Netherlands",1977-11-05 02:00:00,102.97,4928.25
"Netherlands",1978-11-05 02:00:00,106.47,5590.45
"Netherlands",1979-11-05 02:00:00,109.07,5804.27
"Netherlands",1980-11-05 02:00:00,106.36,5271.72
"Netherlands",1981-11-05 02:00:00,107.03,5472.22
"Netherlands",1982-11-05 02:00:00,104.91,4354.97
"Netherlands",1983-11-05 02:00:00,105.9,4483.49
"Netherlands",1984-11-05 02:00:00,102.87,5738.21
"Netherlands",1985-11-05 02:00:00,102.36,5516.03
"Netherlands",1986-11-05 02:00:00,107.14,5283.68
"Netherlands",1987-11-05 02:00:00,104.88,5083.47
"Netherlands",1988-11-05 02:00:00,107.57,5519.37
"Netherlands",1989-11-05 02:00:00,104.41,5676.21
"Netherlands",1990-11-05 02:00:00,102.77,5408.7
"Netherlands",1991-11-05 02:00:00,105.19,5170.01
"Netherlands",1992-11-05 02:00:00,89.38,5436.78
"Netherlands",1993-11-05 02:00:00,86.64,5999.59
"Netherlands",1994-11-05 02:00:00,77.45,6170.69
"Netherlands",1995-11-05 02:00:00,67.02,6408.81
"Netherlands",1996-11-05 02:00:00,63.76,6325.21
"Netherlands",1997-11-05 02:00:00,56.74,6641.31
"Netherlands",1998-11-05 02:00:00,55.96,6376.77
"Netherlands",1999-11-05 02:00:00,55.78,6075.68
"Netherlands",2000-11-05 02:00:00,51.27,5666.44
"Netherlands",2001-11-05 02:00:00,49.79,6036.81
"Netherlands",2002-11-05 02:00:00,48.89,6117.26
"Netherlands",2003-11-05 02:00:00,51.06,6571.94
"Netherlands",2004-11-05 02:00:00,53.33,6849.02
"Netherlands",2005-11-05 02:00:00,54.05,6918.82
"Netherlands",2006-11-05 02:00:00,52.63,6370.59
"Netherlands",2007-11-05 02:00:00,52.75,7366.74
"Netherlands",2008-11-05 02:00:00,45.72,6853.26
"Netherlands",2009-11-05 02:00:00,41.19,5196.2
"Netherlands",2010-11-05 02:00:00,44.73,6650.95
"Netherlands",2011-11-05 02:00:00,36.29,6934.76
"Netherlands",2012-11-05 02:00:00,36.8,6878.98
"North.Korea",1955-11-05 02:00:00,298.89,136.44
"North.Korea",1956-11-05 02:00:00,319.93,188.84
"North.Korea",1957-11-05 02:00:00,339.28,275.54
"North.Korea",1958-11-05 02:00:00,360.79,362.87
"North.Korea",1959-11-05 02:00:00,378.98,449.15
"North.Korea",1960-11-05 02:00:00,400.47,641.65
"North.Korea",1961-11-05 02:00:00,387.9,774.44
"North.Korea",1962-11-05 02:00:00,378.89,1047.83
"North.Korea",1963-11-05 02:00:00,352.28,1020.85
"North.Korea",1964-11-05 02:00:00,362.32,1132.58
"North.Korea",1965-11-05 02:00:00,379.77,1231.07
"North.Korea",1966-11-05 02:00:00,381.26,1301.79
"North.Korea",1967-11-05 02:00:00,383.8,1449.97
"North.Korea",1968-11-05 02:00:00,410.35,1749.69
"North.Korea",1969-11-05 02:00:00,408.78,2000.15
"North.Korea",1970-11-05 02:00:00,438.08,2201.53
"North.Korea",1971-11-05 02:00:00,449.67,2399.93
"North.Korea",1972-11-05 02:00:00,461.72,2502.17
"North.Korea",1973-11-05 02:00:00,469.42,2629.56
"North.Korea",1974-11-05 02:00:00,471.3,2699.89
"North.Korea",1975-11-05 02:00:00,471.1,5198.74
"North.Korea",1976-11-05 02:00:00,500.2,5299.97
"North.Korea",1977-11-05 02:00:00,519.68,5400.79
"North.Korea",1978-11-05 02:00:00,633.7,5500.42
"North.Korea",1979-11-05 02:00:00,691.71,5701.3
"North.Korea",1980-11-05 02:00:00,700.13,5799.95
"North.Korea",1981-11-05 02:00:00,768.1,5498.71
"North.Korea",1982-11-05 02:00:00,781.27,5799.02
"North.Korea",1983-11-05 02:00:00,784.02,6099.35
"North.Korea",1984-11-05 02:00:00,783.7,6502.85
"North.Korea",1985-11-05 02:00:00,783.68,6501.99
"North.Korea",1986-11-05 02:00:00,839.96,6500.37
"North.Korea",1987-11-05 02:00:00,836.78,6699.91
"North.Korea",1988-11-05 02:00:00,841.1,6800.1
"North.Korea",1989-11-05 02:00:00,1038.95,7299.68
"North.Korea",1990-11-05 02:00:00,1198.75,8001.04
"North.Korea",1991-11-05 02:00:00,1199.7,7999.99
"North.Korea",1992-11-05 02:00:00,1199.79,8100.42
"North.Korea",1993-11-05 02:00:00,1098.67,8099.4
"North.Korea",1994-11-05 02:00:00,1099.12,1600
"North.Korea",1995-11-05 02:00:00,1098.72,599.5
"North.Korea",1996-11-05 02:00:00,1100.74,600.39
"North.Korea",1997-11-05 02:00:00,1102.46,598.22
"North.Korea",1998-11-05 02:00:00,1000.54,301.65
"North.Korea",1999-11-05 02:00:00,1000.35,301.39
"North.Korea",2000-11-05 02:00:00,1055.33,299.67
"North.Korea",2001-11-05 02:00:00,1081.93,298.48
"North.Korea",2002-11-05 02:00:00,1080.81,299.47
"North.Korea",2003-11-05 02:00:00,1082.88,300.06
"North.Korea",2004-11-05 02:00:00,1092.82,299.2
"North.Korea",2005-11-05 02:00:00,1107.03,299.28
"North.Korea",2006-11-05 02:00:00,1105.26,298.4
"North.Korea",2007-11-05 02:00:00,1106.12,300.98
"North.Korea",2008-11-05 02:00:00,1106.14,299.62
"North.Korea",2009-11-05 02:00:00,1104.53,248.29
"North.Korea",2010-11-05 02:00:00,1105.53,250.03
"North.Korea",2011-11-05 02:00:00,1189.26,250.52
"North.Korea",2012-11-05 02:00:00,1189.67,1280.88
"Norway",1955-11-05 02:00:00,33.5,170.53
"Norway",1956-11-05 02:00:00,35.62,290.61
"Norway",1957-11-05 02:00:00,34.98,350.1
"Norway",1958-11-05 02:00:00,34.15,369.95
"Norway",1959-11-05 02:00:00,35.54,425.15
"Norway",1960-11-05 02:00:00,35.79,489.91
"Norway",1961-11-05 02:00:00,32.08,498.93
"Norway",1962-11-05 02:00:00,34.83,487.97
"Norway",1963-11-05 02:00:00,36.94,542.08
"Norway",1964-11-05 02:00:00,35.28,613.23
"Norway",1965-11-05 02:00:00,35.61,675.35
"Norway",1966-11-05 02:00:00,34.01,727.41
"Norway",1967-11-05 02:00:00,35.96,794.96
"Norway",1968-11-05 02:00:00,35.6,812.56
"Norway",1969-11-05 02:00:00,34.03,847.53
"Norway",1970-11-05 02:00:00,36.33,869.44
"Norway",1971-11-05 02:00:00,35.39,884.63
"Norway",1972-11-05 02:00:00,35.58,917.76
"Norway",1973-11-05 02:00:00,40.38,951.24
"Norway",1974-11-05 02:00:00,39.83,955.39
"Norway",1975-11-05 02:00:00,35.72,905.88
"Norway",1976-11-05 02:00:00,40.16,909.61
"Norway",1977-11-05 02:00:00,39.26,712.07
"Norway",1978-11-05 02:00:00,40.32,813.66
"Norway",1979-11-05 02:00:00,38.51,908.11
"Norway",1980-11-05 02:00:00,39.52,865.63
"Norway",1981-11-05 02:00:00,39.72,846.07
"Norway",1982-11-05 02:00:00,39.69,769.79
"Norway",1983-11-05 02:00:00,41.21,894.33
"Norway",1984-11-05 02:00:00,37.54,918.86
"Norway",1985-11-05 02:00:00,36.62,929.41
"Norway",1986-11-05 02:00:00,39.15,834.99
"Norway",1987-11-05 02:00:00,38.82,836.3
"Norway",1988-11-05 02:00:00,40.37,869.29
"Norway",1989-11-05 02:00:00,41.76,671.18
"Norway",1990-11-05 02:00:00,51.47,368.29
"Norway",1991-11-05 02:00:00,41.71,432.4
"Norway",1992-11-05 02:00:00,34.08,441.04
"Norway",1993-11-05 02:00:00,33.35,501.9
"Norway",1994-11-05 02:00:00,34.79,457.51
"Norway",1995-11-05 02:00:00,37.64,503.97
"Norway",1996-11-05 02:00:00,36.68,510.15
"Norway",1997-11-05 02:00:00,33.83,586.14
"Norway",1998-11-05 02:00:00,34.63,637.37
"Norway",1999-11-05 02:00:00,33.91,610.52
"Norway",2000-11-05 02:00:00,25.88,678.94
"Norway",2001-11-05 02:00:00,26.01,641.07
"Norway",2002-11-05 02:00:00,24.15,697
"Norway",2003-11-05 02:00:00,27.36,703.9
"Norway",2004-11-05 02:00:00,25.81,725.32
"Norway",2005-11-05 02:00:00,25.76,705.51
"Norway",2006-11-05 02:00:00,26.65,684.47
"Norway",2007-11-05 02:00:00,22.43,708.99
"Norway",2008-11-05 02:00:00,16.58,559.18
"Norway",2009-11-05 02:00:00,18.79,594.55
"Norway",2010-11-05 02:00:00,23.25,521.09
"Norway",2011-11-05 02:00:00,25.91,600.95
"Norway",2012-11-05 02:00:00,24.56,700.77
"Poland",1955-11-05 02:00:00,300.17,4423.87
"Poland",1956-11-05 02:00:00,300.15,5013.46
"Poland",1957-11-05 02:00:00,299.61,5302.8
"Poland",1958-11-05 02:00:00,299.56,5662.18
"Poland",1959-11-05 02:00:00,200.71,6160.91
"Poland",1960-11-05 02:00:00,199.7,6680.72
"Poland",1961-11-05 02:00:00,304.42,7235.09
"Poland",1962-11-05 02:00:00,310.97,7683.39
"Poland",1963-11-05 02:00:00,303.95,8003.79
"Poland",1964-11-05 02:00:00,300.84,8573.1
"Poland",1965-11-05 02:00:00,304.3,9088.09
"Poland",1966-11-05 02:00:00,302.33,9848.83
"Poland",1967-11-05 02:00:00,303.96,10454.44
"Poland",1968-11-05 02:00:00,310.15,11006.3
"Poland",1969-11-05 02:00:00,313.6,11291.26
"Poland",1970-11-05 02:00:00,314.13,11796.19
"Poland",1971-11-05 02:00:00,316.18,12738.63
"Poland",1972-11-05 02:00:00,318.62,13476.36
"Poland",1973-11-05 02:00:00,328.73,14056.87
"Poland",1974-11-05 02:00:00,368.17,14566.2
"Poland",1975-11-05 02:00:00,434.61,15004.48
"Poland",1976-11-05 02:00:00,436.65,15638.91
"Poland",1977-11-05 02:00:00,369.47,17842.49
"Poland",1978-11-05 02:00:00,382.25,19255.96
"Poland",1979-11-05 02:00:00,399.54,19219.02
"Poland",1980-11-05 02:00:00,407.07,18484.55
"Poland",1981-11-05 02:00:00,413.46,15717.92
"Poland",1982-11-05 02:00:00,420.01,14793.87
"Poland",1983-11-05 02:00:00,426.67,16233.72
"Poland",1984-11-05 02:00:00,435.63,16531.66
"Poland",1985-11-05 02:00:00,438.65,16126.61
"Poland",1986-11-05 02:00:00,442.9,17144.06
"Poland",1987-11-05 02:00:00,440.46,17143.26
"Poland",1988-11-05 02:00:00,429.2,16874.58
"Poland",1989-11-05 02:00:00,349.05,15095.63
"Poland",1990-11-05 02:00:00,314.48,13642.86
"Poland",1991-11-05 02:00:00,303.58,10438.94
"Poland",1992-11-05 02:00:00,269.57,9862.93
"Poland",1993-11-05 02:00:00,258.37,9937.19
"Poland",1994-11-05 02:00:00,256.52,11112.45
"Poland",1995-11-05 02:00:00,249.43,11891.03
"Poland",1996-11-05 02:00:00,235.32,10432.41
"Poland",1997-11-05 02:00:00,230.41,11586.76
"Poland",1998-11-05 02:00:00,231.48,9915.15
"Poland",1999-11-05 02:00:00,186.81,8848.1
"Poland",2000-11-05 02:00:00,217.27,10497.71
"Poland",2001-11-05 02:00:00,206.34,8808.85
"Poland",2002-11-05 02:00:00,162.94,8367.53
"Poland",2003-11-05 02:00:00,162.08,9107.24
"Poland",2004-11-05 02:00:00,154.4,10594.31
"Poland",2005-11-05 02:00:00,142.44,8336.38
"Poland",2006-11-05 02:00:00,140.09,10009.44
"Poland",2007-11-05 02:00:00,140.9,10632.12
"Poland",2008-11-05 02:00:00,126.1,9728.47
"Poland",2009-11-05 02:00:00,122.4,7127.05
"Poland",2010-11-05 02:00:00,99.2,7991.82
"Poland",2011-11-05 02:00:00,101,8799.46
"Poland",2012-11-05 02:00:00,99.59,8366.33
"Portugal",1955-11-05 02:00:00,76.78,3.23
"Portugal",1956-11-05 02:00:00,77.45,2.45
"Portugal",1957-11-05 02:00:00,78.38,2.5
"Portugal",1958-11-05 02:00:00,77.66,4.95
"Portugal",1959-11-05 02:00:00,79.29,2.9
"Portugal",1960-11-05 02:00:00,80.5,3.09
"Portugal",1961-11-05 02:00:00,75.82,4.8
"Portugal",1962-11-05 02:00:00,79.98,4.94
"Portugal",1963-11-05 02:00:00,143.47,222.17
"Portugal",1964-11-05 02:00:00,301.66,250.04
"Portugal",1965-11-05 02:00:00,158.62,274.16
"Portugal",1966-11-05 02:00:00,191.77,270.97
"Portugal",1967-11-05 02:00:00,194.82,314.52
"Portugal",1968-11-05 02:00:00,215.67,312.71
"Portugal",1969-11-05 02:00:00,223.98,399.74
"Portugal",1970-11-05 02:00:00,229.61,384.74
"Portugal",1971-11-05 02:00:00,243.37,408.11
"Portugal",1972-11-05 02:00:00,254.67,430.81
"Portugal",1973-11-05 02:00:00,275.27,497.29
"Portugal",1974-11-05 02:00:00,281.13,356.77
"Portugal",1975-11-05 02:00:00,104.32,384.96
"Portugal",1976-11-05 02:00:00,80.74,388.25
"Portugal",1977-11-05 02:00:00,80.43,341.74
"Portugal",1978-11-05 02:00:00,80.41,366.72
"Portugal",1979-11-05 02:00:00,81.48,650.02
"Portugal",1980-11-05 02:00:00,87.3,663.42
"Portugal",1981-11-05 02:00:00,88.3,556.38
"Portugal",1982-11-05 02:00:00,91.2,602.97
"Portugal",1983-11-05 02:00:00,92.9,673.27
"Portugal",1984-11-05 02:00:00,98.68,691.48
"Portugal",1985-11-05 02:00:00,102.44,664.46
"Portugal",1986-11-05 02:00:00,99.73,717.14
"Portugal",1987-11-05 02:00:00,104.84,751.07
"Portugal",1988-11-05 02:00:00,105.85,833.84
"Portugal",1989-11-05 02:00:00,105.09,759.38
"Portugal",1990-11-05 02:00:00,86.24,717.96
"Portugal",1991-11-05 02:00:00,85.31,546.47
"Portugal",1992-11-05 02:00:00,81.46,748.35
"Portugal",1993-11-05 02:00:00,66.21,774.14
"Portugal",1994-11-05 02:00:00,121.92,749.27
"Portugal",1995-11-05 02:00:00,77.8,827.82
"Portugal",1996-11-05 02:00:00,72.88,858.07
"Portugal",1997-11-05 02:00:00,70.67,904.36
"Portugal",1998-11-05 02:00:00,70.74,936.21
"Portugal",1999-11-05 02:00:00,71.17,1043.68
"Portugal",2000-11-05 02:00:00,46,1086.67
"Portugal",2001-11-05 02:00:00,44.75,728.04
"Portugal",2002-11-05 02:00:00,43.79,920.52
"Portugal",2003-11-05 02:00:00,44.13,999.4
"Portugal",2004-11-05 02:00:00,43.78,1249.63
"Portugal",2005-11-05 02:00:00,43.74,1338.14
"Portugal",2006-11-05 02:00:00,45.74,1337.29
"Portugal",2007-11-05 02:00:00,44.6,1846.28
"Portugal",2008-11-05 02:00:00,41.63,1629.41
"Portugal",2009-11-05 02:00:00,44.32,1555.7
"Portugal",2010-11-05 02:00:00,42.95,1503.2
"Portugal",2011-11-05 02:00:00,41.32,1871.34
"Portugal",2012-11-05 02:00:00,42.77,1960.32
"Romania",1955-11-05 02:00:00,272.3,764.58
"Romania",1956-11-05 02:00:00,232.14,779.76
"Romania",1957-11-05 02:00:00,194.86,865.24
"Romania",1958-11-05 02:00:00,205.19,933.69
"Romania",1959-11-05 02:00:00,216.3,1420.69
"Romania",1960-11-05 02:00:00,227.64,1806.79
"Romania",1961-11-05 02:00:00,311.62,2126.19
"Romania",1962-11-05 02:00:00,302.1,2451.11
"Romania",1963-11-05 02:00:00,250.07,2704.4
"Romania",1964-11-05 02:00:00,249.31,3038.37
"Romania",1965-11-05 02:00:00,259.8,3427.07
"Romania",1966-11-05 02:00:00,212.39,3670.32
"Romania",1967-11-05 02:00:00,189.57,4087.9
"Romania",1968-11-05 02:00:00,189.05,4750.25
"Romania",1969-11-05 02:00:00,189.78,5542.01
"Romania",1970-11-05 02:00:00,209.96,6516.59
"Romania",1971-11-05 02:00:00,218.53,6802.95
"Romania",1972-11-05 02:00:00,217.89,7401.68
"Romania",1973-11-05 02:00:00,192.81,8161.47
"Romania",1974-11-05 02:00:00,218.39,8840.23
"Romania",1975-11-05 02:00:00,221,9548.47
"Romania",1976-11-05 02:00:00,218.15,10731.81
"Romania",1977-11-05 02:00:00,207.02,11457.34
"Romania",1978-11-05 02:00:00,208.78,11779.18
"Romania",1979-11-05 02:00:00,209.2,12908.02
"Romania",1980-11-05 02:00:00,211.4,13175.98
"Romania",1981-11-05 02:00:00,212.89,13006.78
"Romania",1982-11-05 02:00:00,212.49,13055.6
"Romania",1983-11-05 02:00:00,232.89,12594.19
"Romania",1984-11-05 02:00:00,235.9,14436.67
"Romania",1985-11-05 02:00:00,236.17,13795.07
"Romania",1986-11-05 02:00:00,238.96,14276.35
"Romania",1987-11-05 02:00:00,247.8,13885.52
"Romania",1988-11-05 02:00:00,219.46,14313.18
"Romania",1989-11-05 02:00:00,206.67,14410.66
"Romania",1990-11-05 02:00:00,126.61,9762.49
"Romania",1991-11-05 02:00:00,202.61,7130.91
"Romania",1992-11-05 02:00:00,172.36,5735.15
"Romania",1993-11-05 02:00:00,199.74,5445.65
"Romania",1994-11-05 02:00:00,199.88,5801.21
"Romania",1995-11-05 02:00:00,201.3,6554.6
"Romania",1996-11-05 02:00:00,201.27,6083.51
"Romania",1997-11-05 02:00:00,199.06,6675.09
"Romania",1998-11-05 02:00:00,199.73,6393.66
"Romania",1999-11-05 02:00:00,171.05,4356.69
"Romania",2000-11-05 02:00:00,206.53,4672.45
"Romania",2001-11-05 02:00:00,102.94,4935.84
"Romania",2002-11-05 02:00:00,99.7,5491.26
"Romania",2003-11-05 02:00:00,104.23,5691.8
"Romania",2004-11-05 02:00:00,100.04,6042.74
"Romania",2005-11-05 02:00:00,97.33,6280.17
"Romania",2006-11-05 02:00:00,97.14,6265.34
"Romania",2007-11-05 02:00:00,71.65,6262.05
"Romania",2008-11-05 02:00:00,73.26,5034.91
"Romania",2009-11-05 02:00:00,72.07,2761.31
"Romania",2010-11-05 02:00:00,73.25,3721.15
"Romania",2011-11-05 02:00:00,70.93,3834.92
"Romania",2012-11-05 02:00:00,74.38,3291.85
"South.Africa",1955-11-05 02:00:00,16.24,1578.54
"South.Africa",1956-11-05 02:00:00,17.88,1605.17
"South.Africa",1957-11-05 02:00:00,19.31,1735.43
"South.Africa",1958-11-05 02:00:00,19.47,1830.42
"South.Africa",1959-11-05 02:00:00,21.84,1894.75
"South.Africa",1960-11-05 02:00:00,24.23,2113.39
"South.Africa",1961-11-05 02:00:00,23.51,2476.25
"South.Africa",1962-11-05 02:00:00,24.53,2634.84
"South.Africa",1963-11-05 02:00:00,43.42,2834.79
"South.Africa",1964-11-05 02:00:00,50.19,3106.98
"South.Africa",1965-11-05 02:00:00,54.41,3292.57
"South.Africa",1966-11-05 02:00:00,49.09,3302.96
"South.Africa",1967-11-05 02:00:00,49.76,3752.6
"South.Africa",1968-11-05 02:00:00,55.63,4060.36
"South.Africa",1969-11-05 02:00:00,55.59,4544.9
"South.Africa",1970-11-05 02:00:00,37.64,4674.39
"South.Africa",1971-11-05 02:00:00,58.5,4920.57
"South.Africa",1972-11-05 02:00:00,73.66,5344.79
"South.Africa",1973-11-05 02:00:00,42.8,5630.27
"South.Africa",1974-11-05 02:00:00,46.19,5833.94
"South.Africa",1975-11-05 02:00:00,52.05,6569
"South.Africa",1976-11-05 02:00:00,59.88,7137.35
"South.Africa",1977-11-05 02:00:00,68.13,7380.93
"South.Africa",1978-11-05 02:00:00,79.41,7903.45
"South.Africa",1979-11-05 02:00:00,69.73,8781.59
"South.Africa",1980-11-05 02:00:00,70.6,9062.7
"South.Africa",1981-11-05 02:00:00,76.72,9002.18
"South.Africa",1982-11-05 02:00:00,79.06,8272.39
"South.Africa",1983-11-05 02:00:00,76.45,7190.1
"South.Africa",1984-11-05 02:00:00,95.99,7827.21
"South.Africa",1985-11-05 02:00:00,94.82,8580.99
"South.Africa",1986-11-05 02:00:00,90.71,8126
"South.Africa",1987-11-05 02:00:00,100.86,9031.15
"South.Africa",1988-11-05 02:00:00,101.21,8830.42
"South.Africa",1989-11-05 02:00:00,99.89,9337.24
"South.Africa",1990-11-05 02:00:00,85.49,8691.28
"South.Africa",1991-11-05 02:00:00,81,9359.04
"South.Africa",1992-11-05 02:00:00,74.31,9095.25
"South.Africa",1993-11-05 02:00:00,75.03,8729.15
"South.Africa",1994-11-05 02:00:00,76.1,8526.35
"South.Africa",1995-11-05 02:00:00,76.69,8740.31
"South.Africa",1996-11-05 02:00:00,75.37,7999.48
"South.Africa",1997-11-05 02:00:00,76.41,8312.15
"South.Africa",1998-11-05 02:00:00,74.08,7955.77
"South.Africa",1999-11-05 02:00:00,70.48,7855.55
"South.Africa",2000-11-05 02:00:00,60.98,8480.89
"South.Africa",2001-11-05 02:00:00,60.12,8822.01
"South.Africa",2002-11-05 02:00:00,58.96,9094.94
"South.Africa",2003-11-05 02:00:00,57.74,9481.02
"South.Africa",2004-11-05 02:00:00,55.8,9498.97
"South.Africa",2005-11-05 02:00:00,55.04,9494.28
"South.Africa",2006-11-05 02:00:00,56.53,9717.23
"South.Africa",2007-11-05 02:00:00,61.57,9098.28
"South.Africa",2008-11-05 02:00:00,61.68,8244.42
"South.Africa",2009-11-05 02:00:00,63.51,7485.02
"South.Africa",2010-11-05 02:00:00,61.24,7617.44
"South.Africa",2011-11-05 02:00:00,62.68,7545.84
"South.Africa",2012-11-05 02:00:00,63.94,6937.66
"South.Korea",1955-11-05 02:00:00,729.67,11.78
"South.Korea",1956-11-05 02:00:00,648.96,12.14
"South.Korea",1957-11-05 02:00:00,650.18,15.75
"South.Korea",1958-11-05 02:00:00,649.17,20.21
"South.Korea",1959-11-05 02:00:00,649.97,38.08
"South.Korea",1960-11-05 02:00:00,651.55,50.11
"South.Korea",1961-11-05 02:00:00,569.59,66.24
"South.Korea",1962-11-05 02:00:00,569.55,149.2
"South.Korea",1963-11-05 02:00:00,626.72,159.54
"South.Korea",1964-11-05 02:00:00,600.35,129.01
"South.Korea",1965-11-05 02:00:00,603.82,185.03
"South.Korea",1966-11-05 02:00:00,572.01,222.24
"South.Korea",1967-11-05 02:00:00,613.19,300.02
"South.Korea",1968-11-05 02:00:00,621.9,374.37
"South.Korea",1969-11-05 02:00:00,621.84,374.62
"South.Korea",1970-11-05 02:00:00,644.81,481.19
"South.Korea",1971-11-05 02:00:00,637.34,471.4
"South.Korea",1972-11-05 02:00:00,634.84,585.47
"South.Korea",1973-11-05 02:00:00,632.41,1158.66
"South.Korea",1974-11-05 02:00:00,633.32,1935.45
"South.Korea",1975-11-05 02:00:00,628.96,2029.12
"South.Korea",1976-11-05 02:00:00,610.44,2724.87
"South.Korea",1977-11-05 02:00:00,599.56,2762.68
"South.Korea",1978-11-05 02:00:00,599.84,3181.83
"South.Korea",1979-11-05 02:00:00,638.92,5256
"South.Korea",1980-11-05 02:00:00,601.07,14447.83
"South.Korea",1981-11-05 02:00:00,605.56,15802.16
"South.Korea",1982-11-05 02:00:00,600.84,16564.69
"South.Korea",1983-11-05 02:00:00,601.8,16356
"South.Korea",1984-11-05 02:00:00,601.6,17833.66
"South.Korea",1985-11-05 02:00:00,599.64,18651.57
"South.Korea",1986-11-05 02:00:00,604.27,18792.26
"South.Korea",1987-11-05 02:00:00,605.04,19480.78
"South.Korea",1988-11-05 02:00:00,626.08,21320.23
"South.Korea",1989-11-05 02:00:00,645.99,23704.82
"South.Korea",1990-11-05 02:00:00,650.78,24459.04
"South.Korea",1991-11-05 02:00:00,748.34,27865.26
"South.Korea",1992-11-05 02:00:00,749.74,29556.06
"South.Korea",1993-11-05 02:00:00,749.75,33028.28
"South.Korea",1994-11-05 02:00:00,749.84,33743.94
"South.Korea",1995-11-05 02:00:00,750.61,36771.56
"South.Korea",1996-11-05 02:00:00,670.87,38901.39
"South.Korea",1997-11-05 02:00:00,671.78,42554.54
"South.Korea",1998-11-05 02:00:00,669.43,39895.42
"South.Korea",1999-11-05 02:00:00,664.95,41043.22
"South.Korea",2000-11-05 02:00:00,683.14,43107.38
"South.Korea",2001-11-05 02:00:00,682.54,43850.63
"South.Korea",2002-11-05 02:00:00,686.48,45388.95
"South.Korea",2003-11-05 02:00:00,685.54,46309.87
"South.Korea",2004-11-05 02:00:00,687.79,47521.33
"South.Korea",2005-11-05 02:00:00,688.98,47820.35
"South.Korea",2006-11-05 02:00:00,687.11,48455.23
"South.Korea",2007-11-05 02:00:00,688.24,51517.25
"South.Korea",2008-11-05 02:00:00,686.18,53625
"South.Korea",2009-11-05 02:00:00,687.92,48572.33
"South.Korea",2010-11-05 02:00:00,689.08,58911.07
"South.Korea",2011-11-05 02:00:00,654.63,68519.26
"South.Korea",2012-11-05 02:00:00,654.94,69073.13
"Spain",1955-11-05 02:00:00,505.52,1213.3
"Spain",1956-11-05 02:00:00,476.94,1243.08
"Spain",1957-11-05 02:00:00,451.41,1344.8
"Spain",1958-11-05 02:00:00,424.52,1560.83
"Spain",1959-11-05 02:00:00,397.62,1821.53
"Spain",1960-11-05 02:00:00,370.67,1918.98
"Spain",1961-11-05 02:00:00,342.97,2338.72
"Spain",1962-11-05 02:00:00,339.65,2311.5
"Spain",1963-11-05 02:00:00,371.21,2492.9
"Spain",1964-11-05 02:00:00,370.35,3149.95
"Spain",1965-11-05 02:00:00,370.21,3516.91
"Spain",1966-11-05 02:00:00,374.98,3846.17
"Spain",1967-11-05 02:00:00,369.51,4513.57
"Spain",1968-11-05 02:00:00,368.43,4969.42
"Spain",1969-11-05 02:00:00,365.93,5980.96
"Spain",1970-11-05 02:00:00,366.32,7393.43
"Spain",1971-11-05 02:00:00,365.24,7792.65
"Spain",1972-11-05 02:00:00,367.2,9563.44
"Spain",1973-11-05 02:00:00,365.24,10808.98
"Spain",1974-11-05 02:00:00,373.64,11645.97
"Spain",1975-11-05 02:00:00,375.34,11115.22
"Spain",1976-11-05 02:00:00,368.99,11085.19
"Spain",1977-11-05 02:00:00,372.46,11269.24
"Spain",1978-11-05 02:00:00,372.66,11468.6
"Spain",1979-11-05 02:00:00,373.83,12254.39
"Spain",1980-11-05 02:00:00,356.03,12552.89
"Spain",1981-11-05 02:00:00,366.49,13020.39
"Spain",1982-11-05 02:00:00,372.33,13448.94
"Spain",1983-11-05 02:00:00,353.91,13262.25
"Spain",1984-11-05 02:00:00,343.92,13378.8
"Spain",1985-11-05 02:00:00,313.16,14678.76
"Spain",1986-11-05 02:00:00,314.84,11905.55
"Spain",1987-11-05 02:00:00,314.45,11690.46
"Spain",1988-11-05 02:00:00,305.55,11886.21
"Spain",1989-11-05 02:00:00,276.85,12397.6
"Spain",1990-11-05 02:00:00,263.45,12658.01
"Spain",1991-11-05 02:00:00,247.81,12699.8
"Spain",1992-11-05 02:00:00,197.15,12160.06
"Spain",1993-11-05 02:00:00,204.12,12860.08
"Spain",1994-11-05 02:00:00,213.88,13444.54
"Spain",1995-11-05 02:00:00,208.89,13802.38
"Spain",1996-11-05 02:00:00,203.8,12151.7
"Spain",1997-11-05 02:00:00,197.07,13682.17
"Spain",1998-11-05 02:00:00,187.21,14826.63
"Spain",1999-11-05 02:00:00,155.47,14881.86
"Spain",2000-11-05 02:00:00,165.93,15875.03
"Spain",2001-11-05 02:00:00,144.26,16504.96
"Spain",2002-11-05 02:00:00,177.5,16407.65
"Spain",2003-11-05 02:00:00,149.31,16285.05
"Spain",2004-11-05 02:00:00,150.07,17621.57
"Spain",2005-11-05 02:00:00,146.74,17824.14
"Spain",2006-11-05 02:00:00,146.65,18389.05
"Spain",2007-11-05 02:00:00,144.88,18998.84
"Spain",2008-11-05 02:00:00,147.88,18640.46
"Spain",2009-11-05 02:00:00,222.26,14358.02
"Spain",2010-11-05 02:00:00,126.83,16342.26
"Spain",2011-11-05 02:00:00,142.52,15504.74
"Spain",2012-11-05 02:00:00,144.12,13638.47
"Taiwan",1955-11-05 02:00:00,597.96,40.73
"Taiwan",1956-11-05 02:00:00,529.55,63.98
"Taiwan",1957-11-05 02:00:00,581.05,88.33
"Taiwan",1958-11-05 02:00:00,629.35,105.58
"Taiwan",1959-11-05 02:00:00,615.21,159.43
"Taiwan",1960-11-05 02:00:00,601.87,201.25
"Taiwan",1961-11-05 02:00:00,578.89,183.56
"Taiwan",1962-11-05 02:00:00,569.77,182.39
"Taiwan",1963-11-05 02:00:00,545.49,215.46
"Taiwan",1964-11-05 02:00:00,600.57,235.02
"Taiwan",1965-11-05 02:00:00,524.44,260.91
"Taiwan",1966-11-05 02:00:00,545.21,219.68
"Taiwan",1967-11-05 02:00:00,545.92,229.78
"Taiwan",1968-11-05 02:00:00,527.81,241.2
"Taiwan",1969-11-05 02:00:00,555.65,290.55
"Taiwan",1970-11-05 02:00:00,522.66,369.65
"Taiwan",1971-11-05 02:00:00,539.38,453.93
"Taiwan",1972-11-05 02:00:00,549.13,470.96
"Taiwan",1973-11-05 02:00:00,503.88,506.13
"Taiwan",1974-11-05 02:00:00,493.51,518.73
"Taiwan",1975-11-05 02:00:00,504.02,678.28
"Taiwan",1976-11-05 02:00:00,475.8,1628.97
"Taiwan",1977-11-05 02:00:00,459.86,1769.85
"Taiwan",1978-11-05 02:00:00,471.35,3430.03
"Taiwan",1979-11-05 02:00:00,466.77,3187.77
"Taiwan",1980-11-05 02:00:00,465.64,3417.49
"Taiwan",1981-11-05 02:00:00,461.15,3159.15
"Taiwan",1982-11-05 02:00:00,456.94,4153.02
"Taiwan",1983-11-05 02:00:00,466.26,5031.61
"Taiwan",1984-11-05 02:00:00,483.13,5007.73
"Taiwan",1985-11-05 02:00:00,442.55,5305.85
"Taiwan",1986-11-05 02:00:00,425.53,5545.71
"Taiwan",1987-11-05 02:00:00,423.77,5915.05
"Taiwan",1988-11-05 02:00:00,405.74,8286.46
"Taiwan",1989-11-05 02:00:00,406.26,10115.77
"Taiwan",1990-11-05 02:00:00,370.22,10464.62
"Taiwan",1991-11-05 02:00:00,371.07,10644.08
"Taiwan",1992-11-05 02:00:00,357.57,11180.07
"Taiwan",1993-11-05 02:00:00,442.74,12778.65
"Taiwan",1994-11-05 02:00:00,425.23,11593.87
"Taiwan",1995-11-05 02:00:00,423.59,11604.93
"Taiwan",1996-11-05 02:00:00,401.56,12417.12
"Taiwan",1997-11-05 02:00:00,399.62,16057.31
"Taiwan",1998-11-05 02:00:00,367.72,16966.23
"Taiwan",1999-11-05 02:00:00,369.34,15437.21
"Taiwan",2000-11-05 02:00:00,370.17,16895.92
"Taiwan",2001-11-05 02:00:00,370.59,17260.94
"Taiwan",2002-11-05 02:00:00,371.22,18230.15
"Taiwan",2003-11-05 02:00:00,289.51,18829.98
"Taiwan",2004-11-05 02:00:00,287.38,19597.28
"Taiwan",2005-11-05 02:00:00,288.42,18942.08
"Taiwan",2006-11-05 02:00:00,290.64,20001.7
"Taiwan",2007-11-05 02:00:00,290.84,20903.51
"Taiwan",2008-11-05 02:00:00,290.57,19882.05
"Taiwan",2009-11-05 02:00:00,289.74,15813.44
"Taiwan",2010-11-05 02:00:00,290.72,19753.45
"Taiwan",2011-11-05 02:00:00,289.65,20178.55
"Taiwan",2012-11-05 02:00:00,291.24,20663.36
"Turkey",1955-11-05 02:00:00,425.22,187.49
"Turkey",1956-11-05 02:00:00,436.5,193.38
"Turkey",1957-11-05 02:00:00,449.97,175.69
"Turkey",1958-11-05 02:00:00,459.94,161.31
"Turkey",1959-11-05 02:00:00,459.72,211.67
"Turkey",1960-11-05 02:00:00,433.62,266.56
"Turkey",1961-11-05 02:00:00,399.55,283.05
"Turkey",1962-11-05 02:00:00,420.38,241.9
"Turkey",1963-11-05 02:00:00,476.17,331.2
"Turkey",1964-11-05 02:00:00,479.98,405.65
"Turkey",1965-11-05 02:00:00,490.26,580.97
"Turkey",1966-11-05 02:00:00,507.85,842.57
"Turkey",1967-11-05 02:00:00,529.05,997.21
"Turkey",1968-11-05 02:00:00,535.21,1107.76
"Turkey",1969-11-05 02:00:00,546.54,1170.88
"Turkey",1970-11-05 02:00:00,539.9,1310.23
"Turkey",1971-11-05 02:00:00,609.31,1122.72
"Turkey",1972-11-05 02:00:00,608.67,1441.92
"Turkey",1973-11-05 02:00:00,564.13,1163.18
"Turkey",1974-11-05 02:00:00,573.53,1458.7
"Turkey",1975-11-05 02:00:00,585.77,1457.6
"Turkey",1976-11-05 02:00:00,673.86,1468.15
"Turkey",1977-11-05 02:00:00,770.8,1397.27
"Turkey",1978-11-05 02:00:00,719.38,1629.58
"Turkey",1979-11-05 02:00:00,697.14,1431.79
"Turkey",1980-11-05 02:00:00,715.27,1699.5
"Turkey",1981-11-05 02:00:00,741,1742.96
"Turkey",1982-11-05 02:00:00,770.32,1996.85
"Turkey",1983-11-05 02:00:00,824.2,3597.74
"Turkey",1984-11-05 02:00:00,814.94,4113.1
"Turkey",1985-11-05 02:00:00,812.84,4737.57
"Turkey",1986-11-05 02:00:00,860.14,5988.86
"Turkey",1987-11-05 02:00:00,877.48,7043.57
"Turkey",1988-11-05 02:00:00,848.61,8010.32
"Turkey",1989-11-05 02:00:00,778.33,7853.55
"Turkey",1990-11-05 02:00:00,769.75,8372.33
"Turkey",1991-11-05 02:00:00,803.4,8573.04
"Turkey",1992-11-05 02:00:00,704.01,9656.6
"Turkey",1993-11-05 02:00:00,685.29,9061.8
"Turkey",1994-11-05 02:00:00,809.97,12624.21
"Turkey",1995-11-05 02:00:00,803.36,13183.29
"Turkey",1996-11-05 02:00:00,817.6,13622.36
"Turkey",1997-11-05 02:00:00,819.31,14473.04
"Turkey",1998-11-05 02:00:00,788.43,14142.81
"Turkey",1999-11-05 02:00:00,788.69,14313.92
"Turkey",2000-11-05 02:00:00,609.56,14324.24
"Turkey",2001-11-05 02:00:00,513.42,14981.84
"Turkey",2002-11-05 02:00:00,514.37,16468.86
"Turkey",2003-11-05 02:00:00,515.28,18296.77
"Turkey",2004-11-05 02:00:00,515.04,20479.43
"Turkey",2005-11-05 02:00:00,515.56,20965.32
"Turkey",2006-11-05 02:00:00,513.15,23315.38
"Turkey",2007-11-05 02:00:00,515.35,25753.23
"Turkey",2008-11-05 02:00:00,510.33,26806.63
"Turkey",2009-11-05 02:00:00,510.4,25302.99
"Turkey",2010-11-05 02:00:00,511.11,29143.26
"Turkey",2011-11-05 02:00:00,510.73,34106.55
"Turkey",2012-11-05 02:00:00,512.35,35884.94
"United.Kingdom",1955-11-05 02:00:00,809.32,20107.67
"United.Kingdom",1956-11-05 02:00:00,760.31,20988.76
"United.Kingdom",1957-11-05 02:00:00,701.48,22046.44
"United.Kingdom",1958-11-05 02:00:00,615.82,19879.21
"United.Kingdom",1959-11-05 02:00:00,564.05,20510.71
"United.Kingdom",1960-11-05 02:00:00,518.43,24694.81
"United.Kingdom",1961-11-05 02:00:00,475.92,22440.18
"United.Kingdom",1962-11-05 02:00:00,474.77,20819.99
"United.Kingdom",1963-11-05 02:00:00,451.18,22880.27
"United.Kingdom",1964-11-05 02:00:00,436.52,26643.86
"United.Kingdom",1965-11-05 02:00:00,426.44,27420.84
"United.Kingdom",1966-11-05 02:00:00,427.33,27685.84
"United.Kingdom",1967-11-05 02:00:00,427.22,24257.65
"United.Kingdom",1968-11-05 02:00:00,410.85,26255.54
"United.Kingdom",1969-11-05 02:00:00,390.1,26822.19
"United.Kingdom",1970-11-05 02:00:00,389.82,28291.3
"United.Kingdom",1971-11-05 02:00:00,370.07,24150.43
"United.Kingdom",1972-11-05 02:00:00,370.03,25291.54
"United.Kingdom",1973-11-05 02:00:00,377.23,26594.94
"United.Kingdom",1974-11-05 02:00:00,359.42,22324.4
"United.Kingdom",1975-11-05 02:00:00,347.94,20097.35
"United.Kingdom",1976-11-05 02:00:00,336.56,22274.37
"United.Kingdom",1977-11-05 02:00:00,325.77,20411.26
"United.Kingdom",1978-11-05 02:00:00,318.79,20311.73
"United.Kingdom",1979-11-05 02:00:00,323.5,21463.42
"United.Kingdom",1980-11-05 02:00:00,330.51,11276.27
"United.Kingdom",1981-11-05 02:00:00,341.13,15572.89
"United.Kingdom",1982-11-05 02:00:00,334.49,13704.97
"United.Kingdom",1983-11-05 02:00:00,332.71,14984.23
"United.Kingdom",1984-11-05 02:00:00,336.8,15119.08
"United.Kingdom",1985-11-05 02:00:00,334.7,15720.6
"United.Kingdom",1986-11-05 02:00:00,331.04,14725.67
"United.Kingdom",1987-11-05 02:00:00,325.99,17414.29
"United.Kingdom",1988-11-05 02:00:00,324.11,18951.25
"United.Kingdom",1989-11-05 02:00:00,318.9,18743.53
"United.Kingdom",1990-11-05 02:00:00,309.72,16464.39
"United.Kingdom",1991-11-05 02:00:00,300.67,16631.67
"United.Kingdom",1992-11-05 02:00:00,293.81,16005.61
"United.Kingdom",1993-11-05 02:00:00,270.52,16463.42
"United.Kingdom",1994-11-05 02:00:00,255.54,17284.93
"United.Kingdom",1995-11-05 02:00:00,230.93,17602.28
"United.Kingdom",1996-11-05 02:00:00,222.84,17990.7
"United.Kingdom",1997-11-05 02:00:00,218.04,18499.64
"United.Kingdom",1998-11-05 02:00:00,217.02,17315.38
"United.Kingdom",1999-11-05 02:00:00,217.58,16299.25
"United.Kingdom",2000-11-05 02:00:00,211.49,15156.13
"United.Kingdom",2001-11-05 02:00:00,209.67,13542.2
"United.Kingdom",2002-11-05 02:00:00,209.25,11668.89
"United.Kingdom",2003-11-05 02:00:00,211.97,13267.65
"United.Kingdom",2004-11-05 02:00:00,209.11,13765.93
"United.Kingdom",2005-11-05 02:00:00,206.72,13237.06
"United.Kingdom",2006-11-05 02:00:00,215.89,13872.17
"United.Kingdom",2007-11-05 02:00:00,191.23,14315.8
"United.Kingdom",2008-11-05 02:00:00,180.84,13521.84
"United.Kingdom",2009-11-05 02:00:00,160.14,10078.65
"United.Kingdom",2010-11-05 02:00:00,174.35,9708.77
"United.Kingdom",2011-11-05 02:00:00,177.13,9475.88
"United.Kingdom",2012-11-05 02:00:00,173.85,9578.53
